species,decimalLatitude,decimalLongitude,eventDate,year,basisOfRecord,coordinateUncertaintyInMeters
Cinclodes palliatus,-11.601333,-76.200035,2024-01-30,2024,HUMAN_OBSERVATION,3.0
Cinclodes palliatus,-11.577678,-76.26637,2024-02-04,2024,HUMAN_OBSERVATION,
Cinclodes palliatus,-11.577678,-76.26637,2024-02-27,2024,HUMAN_OBSERVATION,
Cinclodes palliatus,-11.577678,-76.26637,2024-02-27,2024,HUMAN_OBSERVATION,
Cinclodes palliatus,-10.615089,-76.17954,2024-02-10,2024,HUMAN_OBSERVATION,
Cinclodes palliatus,-11.577678,-76.26637,2024-02-27,2024,HUMAN_OBSERVATION,
Cinclodes palliatus,-11.580893,-76.26328,2024-02-04,2024,HUMAN_OBSERVATION,
Cinclodes palliatus,-11.577678,-76.26637,2024-02-04,2024,HUMAN_OBSERVATION,
Cinclodes palliatus,-11.597423,-76.19221,2024-04-30,2024,HUMAN_OBSERVATION,
Cinclodes palliatus,-11.577678,-76.26637,2024-04-03,2024,HUMAN_OBSERVATION,
Cinclodes palliatus,-11.577678,-76.26637,2024-04-03,2024,HUMAN_OBSERVATION,
Cinclodes palliatus,-10.551277,-76.827478,2024-05-11T11:36,2024,HUMAN_OBSERVATION,31189.0
Cinclodes palliatus,-10.555201,-76.86314,2024-05-11,2024,HUMAN_OBSERVATION,
Cinclodes palliatus,-11.580592,-76.26254,2024-05-18,2024,HUMAN_OBSERVATION,
Cinclodes palliatus,-12.169845,-75.63094,2024-05-21,2024,HUMAN_OBSERVATION,
Cinclodes palliatus,-10.555201,-76.86314,2024-05-11,2024,HUMAN_OBSERVATION,
Cinclodes palliatus,-10.555201,-76.86314,2024-05-11,2024,HUMAN_OBSERVATION,
Cinclodes palliatus,-10.555201,-76.86314,2024-05-11,2024,HUMAN_OBSERVATION,
Cinclodes palliatus,-11.582261,-76.26321,2024-05-18,2024,HUMAN_OBSERVATION,
Cinclodes palliatus,-10.555201,-76.86314,2024-05-11,2024,HUMAN_OBSERVATION,
Cinclodes palliatus,-11.571826,-76.2588,2024-05-18,2024,HUMAN_OBSERVATION,
Cinclodes palliatus,-10.555201,-76.86314,2024-05-11,2024,HUMAN_OBSERVATION,
Cinclodes palliatus,-10.555201,-76.86314,2024-05-11,2024,HUMAN_OBSERVATION,
Cinclodes palliatus,-11.571221,-76.26129,2024-05-18,2024,HUMAN_OBSERVATION,
Cinclodes palliatus,-11.577678,-76.26637,2024-05-18,2024,HUMAN_OBSERVATION,
Cinclodes palliatus,-11.571221,-76.26129,2024-05-18,2024,HUMAN_OBSERVATION,
Cinclodes palliatus,-11.580592,-76.26254,2024-05-18,2024,HUMAN_OBSERVATION,
Cinclodes palliatus,-11.571399,-76.25902,2024-05-18,2024,HUMAN_OBSERVATION,
Cinclodes palliatus,-10.555201,-76.86314,2024-05-11,2024,HUMAN_OBSERVATION,
Cinclodes palliatus,-11.604005,-76.1971,2024-06-02,2024,HUMAN_OBSERVATION,
Cinclodes palliatus,-10.558803,-76.85774,2024-06-02,2024,HUMAN_OBSERVATION,
Cinclodes palliatus,-10.550307,-76.87203,2024-06-02,2024,HUMAN_OBSERVATION,
Cinclodes palliatus,-11.571248,-76.26128,2024-06-08,2024,HUMAN_OBSERVATION,
Cinclodes palliatus,-10.549803,-76.86857,2024-06-10,2024,HUMAN_OBSERVATION,
Cinclodes palliatus,-11.604005,-76.1971,2024-06-02,2024,HUMAN_OBSERVATION,
Cinclodes palliatus,-10.550384,-76.87198,2024-06-02,2024,HUMAN_OBSERVATION,
Cinclodes palliatus,-11.57125,-76.261406,2024-06-09,2024,HUMAN_OBSERVATION,
Cinclodes palliatus,-11.571248,-76.26128,2024-06-08,2024,HUMAN_OBSERVATION,
Cinclodes palliatus,-11.571248,-76.26128,2024-06-08,2024,HUMAN_OBSERVATION,
Cinclodes palliatus,-10.558499,-76.85723,2024-06-02,2024,HUMAN_OBSERVATION,
Cinclodes palliatus,-11.604005,-76.1971,2024-06-02,2024,HUMAN_OBSERVATION,
Cinclodes palliatus,-11.580893,-76.26328,2024-06-24,2024,HUMAN_OBSERVATION,
Cinclodes palliatus,-11.57125,-76.261406,2024-06-09,2024,HUMAN_OBSERVATION,
Cinclodes palliatus,-10.558803,-76.85774,2024-06-02,2024,HUMAN_OBSERVATION,
Cinclodes palliatus,-11.571248,-76.26128,2024-06-08,2024,HUMAN_OBSERVATION,
Cinclodes palliatus,-10.550307,-76.87203,2024-06-02,2024,HUMAN_OBSERVATION,
Cinclodes palliatus,-11.57125,-76.261406,2024-06-09,2024,HUMAN_OBSERVATION,
Cinclodes palliatus,-11.580893,-76.26328,2024-06-24,2024,HUMAN_OBSERVATION,
Cinclodes palliatus,-11.580893,-76.26328,2024-06-24,2024,HUMAN_OBSERVATION,
Cinclodes palliatus,-10.550307,-76.87203,2024-06-02,2024,HUMAN_OBSERVATION,
Cinclodes palliatus,-11.580893,-76.26328,2024-06-24,2024,HUMAN_OBSERVATION,
Cinclodes palliatus,-10.558803,-76.85774,2024-06-02,2024,HUMAN_OBSERVATION,
Cinclodes palliatus,-11.57125,-76.261406,2024-06-09,2024,HUMAN_OBSERVATION,
Cinclodes palliatus,-11.577678,-76.26637,2024-06-02,2024,HUMAN_OBSERVATION,
Cinclodes palliatus,-10.550307,-76.87203,2024-06-02,2024,HUMAN_OBSERVATION,
Cinclodes palliatus,-10.558803,-76.85774,2024-06-02,2024,HUMAN_OBSERVATION,
Cinclodes palliatus,-11.580893,-76.26328,2024-06-24,2024,HUMAN_OBSERVATION,
Cinclodes palliatus,-10.550307,-76.87203,2024-06-02,2024,HUMAN_OBSERVATION,
Cinclodes palliatus,-10.558803,-76.85774,2024-06-02,2024,HUMAN_OBSERVATION,
Cinclodes palliatus,-11.577678,-76.26637,2024-07-02,2024,HUMAN_OBSERVATION,
Cinclodes palliatus,-11.600121,-76.20055,2024-07-14,2024,HUMAN_OBSERVATION,
Cinclodes palliatus,-11.580515,-76.26302,2024-07-27,2024,HUMAN_OBSERVATION,
Cinclodes palliatus,-11.577478,-76.35644,2024-07-29,2024,HUMAN_OBSERVATION,
Cinclodes palliatus,-11.580515,-76.26302,2024-07-27,2024,HUMAN_OBSERVATION,
Cinclodes palliatus,-11.597423,-76.19221,2024-07-06,2024,HUMAN_OBSERVATION,
Cinclodes palliatus,-12.187926,-75.800095,2024-07-26,2024,HUMAN_OBSERVATION,
Cinclodes palliatus,-11.600121,-76.20055,2024-07-14,2024,HUMAN_OBSERVATION,
Cinclodes palliatus,-11.577478,-76.35644,2024-07-24,2024,HUMAN_OBSERVATION,
Cinclodes palliatus,-11.577478,-76.35644,2024-07-29,2024,HUMAN_OBSERVATION,
Cinclodes palliatus,-11.580515,-76.26302,2024-07-27,2024,HUMAN_OBSERVATION,
Cinclodes palliatus,-12.169845,-75.63094,2024-07-08,2024,HUMAN_OBSERVATION,
Cinclodes palliatus,-11.577478,-76.35644,2024-07-24,2024,HUMAN_OBSERVATION,
Cinclodes palliatus,-11.577478,-76.35644,2024-07-29,2024,HUMAN_OBSERVATION,
Cinclodes palliatus,-11.600121,-76.20055,2024-07-14,2024,HUMAN_OBSERVATION,
Cinclodes palliatus,-11.577478,-76.35644,2024-07-24,2024,HUMAN_OBSERVATION,
Cinclodes palliatus,-11.577678,-76.26637,2024-07-23,2024,HUMAN_OBSERVATION,
Cinclodes palliatus,-11.577478,-76.35644,2024-07-29,2024,HUMAN_OBSERVATION,
Cinclodes palliatus,-11.577478,-76.35644,2024-07-24,2024,HUMAN_OBSERVATION,
Cinclodes palliatus,-12.169845,-75.63094,2024-07-08,2024,HUMAN_OBSERVATION,
Cinclodes palliatus,-11.571244,-76.26053,2024-07-02,2024,HUMAN_OBSERVATION,
Cinclodes palliatus,-11.491323,-76.269955,2024-07-15T10:07,2024,HUMAN_OBSERVATION,31137.0
Cinclodes palliatus,-11.603326,-76.20338,2024-08-17,2024,HUMAN_OBSERVATION,
Cinclodes palliatus,-11.577678,-76.26637,2024-08-15,2024,HUMAN_OBSERVATION,
Cinclodes palliatus,-11.571352,-76.26073,2024-08-15,2024,HUMAN_OBSERVATION,
Cinclodes palliatus,-11.577478,-76.35644,2024-08-24,2024,HUMAN_OBSERVATION,
Cinclodes palliatus,-11.577478,-76.35644,2024-08-24,2024,HUMAN_OBSERVATION,
Cinclodes palliatus,-11.603326,-76.20338,2024-08-17,2024,HUMAN_OBSERVATION,
Cinclodes palliatus,-11.570517,-76.35009,2024-08-06,2024,HUMAN_OBSERVATION,
Cinclodes palliatus,-11.603326,-76.20338,2024-08-17,2024,HUMAN_OBSERVATION,
Cinclodes palliatus,-11.577478,-76.35644,2024-08-24,2024,HUMAN_OBSERVATION,
Cinclodes palliatus,-11.570517,-76.35009,2024-08-06,2024,HUMAN_OBSERVATION,
Cinclodes palliatus,-11.580893,-76.26328,2024-08-12,2024,HUMAN_OBSERVATION,
Cinclodes palliatus,-11.601933,-76.19828,2024-08-06,2024,HUMAN_OBSERVATION,
Cinclodes palliatus,-11.580597,-76.314176,2024-09-09T10:42,2024,HUMAN_OBSERVATION,31137.0
Cinclodes palliatus,-11.561771,-76.363467,2024-09-30T14:06,2024,HUMAN_OBSERVATION,31137.0
Cinclodes palliatus,-10.549803,-76.86857,2024-09-23,2024,HUMAN_OBSERVATION,
Cinclodes palliatus,-11.577678,-76.26637,2024-09-05,2024,HUMAN_OBSERVATION,
Cinclodes palliatus,-10.550384,-76.87198,2024-09-16,2024,HUMAN_OBSERVATION,
Cinclodes palliatus,-11.577678,-76.26637,2024-09-15,2024,HUMAN_OBSERVATION,
Cinclodes palliatus,-10.549803,-76.86857,2024-09-23,2024,HUMAN_OBSERVATION,
Cinclodes palliatus,-11.577678,-76.26637,2024-09-05,2024,HUMAN_OBSERVATION,
Cinclodes palliatus,-11.569316,-76.26447,2024-09-30,2024,HUMAN_OBSERVATION,
Cinclodes palliatus,-10.549205,-76.87122,2024-09-16,2024,HUMAN_OBSERVATION,
Cinclodes palliatus,-11.560762,-76.27602,2024-09-03,2024,HUMAN_OBSERVATION,
Cinclodes palliatus,-11.560762,-76.27602,2024-09-15,2024,HUMAN_OBSERVATION,
Cinclodes palliatus,-11.560762,-76.27602,2024-09-15,2024,HUMAN_OBSERVATION,
Cinclodes palliatus,-11.572496,-76.26145,2024-09-09,2024,HUMAN_OBSERVATION,
Cinclodes palliatus,-11.577678,-76.26637,2024-09-09,2024,HUMAN_OBSERVATION,
Cinclodes palliatus,-11.560762,-76.27602,2024-09-03,2024,HUMAN_OBSERVATION,
Cinclodes palliatus,-11.603326,-76.20338,2024-09-19,2024,HUMAN_OBSERVATION,
Cinclodes palliatus,-10.549205,-76.87122,2024-09-16,2024,HUMAN_OBSERVATION,
Cinclodes palliatus,-11.580893,-76.26328,2024-09-30,2024,HUMAN_OBSERVATION,
Cinclodes palliatus,-11.560762,-76.27602,2024-09-03,2024,HUMAN_OBSERVATION,
Cinclodes palliatus,-11.560762,-76.27602,2024-09-15,2024,HUMAN_OBSERVATION,
Cinclodes palliatus,-11.571399,-76.26084,2024-09-09,2024,HUMAN_OBSERVATION,
Cinclodes palliatus,-11.560762,-76.27602,2024-09-03,2024,HUMAN_OBSERVATION,
Cinclodes palliatus,-11.577678,-76.26637,2024-09-05,2024,HUMAN_OBSERVATION,
Cinclodes palliatus,-10.549205,-76.87122,2024-09-16,2024,HUMAN_OBSERVATION,
Cinclodes palliatus,-11.572496,-76.26145,2024-09-09,2024,HUMAN_OBSERVATION,
Cinclodes palliatus,-11.603326,-76.20338,2024-09-08,2024,HUMAN_OBSERVATION,
Cinclodes palliatus,-11.577678,-76.26637,2024-09-04,2024,HUMAN_OBSERVATION,
Cinclodes palliatus,-11.560762,-76.27602,2024-09-30,2024,HUMAN_OBSERVATION,
Cinclodes palliatus,-11.603326,-76.20338,2024-09-10,2024,HUMAN_OBSERVATION,
Cinclodes palliatus,-11.603326,-76.20338,2024-09-08,2024,HUMAN_OBSERVATION,
Cinclodes palliatus,-11.577678,-76.26637,2024-09-04,2024,HUMAN_OBSERVATION,
Cinclodes palliatus,-11.560762,-76.27602,2024-09-15,2024,HUMAN_OBSERVATION,
Cinclodes palliatus,-11.600029,-76.393005,2024-09-23,2024,HUMAN_OBSERVATION,
Cinclodes palliatus,-11.570517,-76.35009,2024-10-27,2024,HUMAN_OBSERVATION,
Cinclodes palliatus,-11.560762,-76.27602,2024-10-09,2024,HUMAN_OBSERVATION,
Cinclodes palliatus,-11.571403,-76.25902,2024-10-22,2024,HUMAN_OBSERVATION,
Cinclodes palliatus,-11.577678,-76.26637,2024-10-26,2024,HUMAN_OBSERVATION,
Cinclodes palliatus,-11.570517,-76.35009,2024-10-20,2024,HUMAN_OBSERVATION,
Cinclodes palliatus,-11.570073,-76.15659,2024-10-03,2024,HUMAN_OBSERVATION,
Cinclodes palliatus,-11.584846,-76.25805,2024-10-23,2024,HUMAN_OBSERVATION,
Cinclodes palliatus,-11.571403,-76.25902,2024-10-22,2024,HUMAN_OBSERVATION,
Cinclodes palliatus,-11.577678,-76.26637,2024-10-28,2024,HUMAN_OBSERVATION,
Cinclodes palliatus,-11.571403,-76.25902,2024-10-23,2024,HUMAN_OBSERVATION,
Cinclodes palliatus,-11.584846,-76.25805,2024-10-23,2024,HUMAN_OBSERVATION,
Cinclodes palliatus,-11.571403,-76.25902,2024-10-22,2024,HUMAN_OBSERVATION,
Cinclodes palliatus,-11.571403,-76.25902,2024-10-23,2024,HUMAN_OBSERVATION,
Cinclodes palliatus,-11.571403,-76.25902,2024-10-22,2024,HUMAN_OBSERVATION,
Cinclodes palliatus,-11.570517,-76.35009,2024-10-27,2024,HUMAN_OBSERVATION,
Cinclodes palliatus,-11.560762,-76.27602,2024-10-09,2024,HUMAN_OBSERVATION,
Cinclodes palliatus,-11.570517,-76.35009,2024-10-27,2024,HUMAN_OBSERVATION,
Cinclodes palliatus,-11.570517,-76.35009,2024-10-20,2024,HUMAN_OBSERVATION,
Cinclodes palliatus,-11.577678,-76.26637,2024-10-26,2024,HUMAN_OBSERVATION,
Cinclodes palliatus,-11.577678,-76.26637,2024-10-28,2024,HUMAN_OBSERVATION,
Cinclodes palliatus,-11.577678,-76.26637,2024-10-28,2024,HUMAN_OBSERVATION,
Cinclodes palliatus,-11.570517,-76.35009,2024-10-27,2024,HUMAN_OBSERVATION,
Cinclodes palliatus,-11.560762,-76.27602,2024-10-09,2024,HUMAN_OBSERVATION,
Cinclodes palliatus,-12.172243,-75.62779,2024-10-02,2024,HUMAN_OBSERVATION,
Cinclodes palliatus,-11.560762,-76.27602,2024-11-24,2024,HUMAN_OBSERVATION,
Cinclodes palliatus,-11.603326,-76.20338,2024-11-22,2024,HUMAN_OBSERVATION,
Cinclodes palliatus,-11.560762,-76.27602,2024-11-20,2024,HUMAN_OBSERVATION,
Cinclodes palliatus,-11.573026,-76.25957,2024-11-27,2024,HUMAN_OBSERVATION,
Cinclodes palliatus,-11.560762,-76.27602,2024-11-24,2024,HUMAN_OBSERVATION,
Cinclodes palliatus,-11.737766,-76.25577,2024-11-27,2024,HUMAN_OBSERVATION,
Cinclodes palliatus,-11.581153,-76.357285,2024-11-16,2024,HUMAN_OBSERVATION,
Cinclodes palliatus,-11.560762,-76.27602,2024-11-20,2024,HUMAN_OBSERVATION,
Cinclodes palliatus,-11.581153,-76.357285,2024-11-16,2024,HUMAN_OBSERVATION,
Cinclodes palliatus,-11.573121,-76.25955,2024-11-27,2024,HUMAN_OBSERVATION,
Cinclodes palliatus,-11.573026,-76.25957,2024-11-27,2024,HUMAN_OBSERVATION,
Cinclodes palliatus,-11.560762,-76.27602,2024-11-20,2024,HUMAN_OBSERVATION,
Cinclodes palliatus,-11.560762,-76.27602,2024-11-20,2024,HUMAN_OBSERVATION,
Cinclodes palliatus,-11.560762,-76.27602,2024-11-20,2024,HUMAN_OBSERVATION,
Cinclodes palliatus,-11.560762,-76.27602,2024-11-20,2024,HUMAN_OBSERVATION,
Cinclodes palliatus,-11.598307,-76.20147,2024-11-24,2024,HUMAN_OBSERVATION,
Cinclodes palliatus,-11.737766,-76.25577,2024-11-27,2024,HUMAN_OBSERVATION,
Cinclodes palliatus,-11.560762,-76.27602,2024-11-20,2024,HUMAN_OBSERVATION,
Cinclodes palliatus,-11.583633,-76.33026,2024-11-10,2024,HUMAN_OBSERVATION,
Cinclodes palliatus,-11.560762,-76.27602,2024-11-20,2024,HUMAN_OBSERVATION,
Cinclodes palliatus,-11.560762,-76.27602,2024-12-28,2024,HUMAN_OBSERVATION,
Cinclodes palliatus,-11.645498,-76.10386,2024-12-11,2024,HUMAN_OBSERVATION,
Cinclodes palliatus,-11.560762,-76.27602,2024-12-28,2024,HUMAN_OBSERVATION,
Cinclodes palliatus,-11.639527,-76.1497,2024-12-10,2024,HUMAN_OBSERVATION,
Cinclodes palliatus,-11.580259,-76.13225,2024-12-06,2024,HUMAN_OBSERVATION,
Cinclodes palliatus,-11.637677,-76.11257,2024-12-11,2024,HUMAN_OBSERVATION,
Cinclodes palliatus,-11.623946,-76.179276,2024-12-09,2024,HUMAN_OBSERVATION,
Cinclodes palliatus,-11.623709,-76.18161,2024-12-09,2024,HUMAN_OBSERVATION,
Cinclodes palliatus,-11.575161,-76.13796,2024-12-06,2024,HUMAN_OBSERVATION,
Cinclodes palliatus,-11.569785,-76.15145,2024-12-06,2024,HUMAN_OBSERVATION,
Cinclodes palliatus,-11.63896,-76.105774,2024-12-11,2024,HUMAN_OBSERVATION,
Cinclodes palliatus,-11.62406,-76.166275,2024-12-08,2024,HUMAN_OBSERVATION,
Cinclodes palliatus,-11.633406,-76.149605,2024-12-10,2024,HUMAN_OBSERVATION,
Cinclodes palliatus,-11.560762,-76.27602,2024-12-28,2024,HUMAN_OBSERVATION,
Cinclodes palliatus,-11.580509,-76.26214,2023-01-22,2023,HUMAN_OBSERVATION,
Cinclodes palliatus,-11.580509,-76.26214,2023-01-22,2023,HUMAN_OBSERVATION,
Cinclodes palliatus,-11.580509,-76.26214,2023-01-22,2023,HUMAN_OBSERVATION,
Cinclodes palliatus,-11.580509,-76.26214,2023-01-22,2023,HUMAN_OBSERVATION,
Cinclodes palliatus,-11.564055,-76.281101,2023-02-27T10:15,2023,HUMAN_OBSERVATION,31137.0
Cinclodes palliatus,-11.577478,-76.35644,2023-02-27,2023,HUMAN_OBSERVATION,
Cinclodes palliatus,-12.169845,-75.63094,2023-04-21,2023,HUMAN_OBSERVATION,
Cinclodes palliatus,-11.577478,-76.35644,2023-04-29,2023,HUMAN_OBSERVATION,
Cinclodes palliatus,-11.583633,-76.33026,2023-05-06,2023,HUMAN_OBSERVATION,
Cinclodes palliatus,-11.583633,-76.33026,2023-05-06,2023,HUMAN_OBSERVATION,
Cinclodes palliatus,-11.583633,-76.33026,2023-05-06,2023,HUMAN_OBSERVATION,
Cinclodes palliatus,-11.583633,-76.33026,2023-05-06,2023,HUMAN_OBSERVATION,
Cinclodes palliatus,-11.164677,-76.018005,2023-05-15,2023,HUMAN_OBSERVATION,
Cinclodes palliatus,-12.252873,-75.81149,2023-05-24,2023,HUMAN_OBSERVATION,
Cinclodes palliatus,-12.372423,-75.75166,2023-05-23,2023,HUMAN_OBSERVATION,
Cinclodes palliatus,-11.557474,-76.27583,2023-06-08,2023,HUMAN_OBSERVATION,
Cinclodes palliatus,-11.557474,-76.27583,2023-06-08,2023,HUMAN_OBSERVATION,
Cinclodes palliatus,-11.560762,-76.27602,2023-06-22,2023,HUMAN_OBSERVATION,
Cinclodes palliatus,-11.577678,-76.26637,2023-06-27,2023,HUMAN_OBSERVATION,
Cinclodes palliatus,-11.603326,-76.20338,2023-06-06,2023,HUMAN_OBSERVATION,
Cinclodes palliatus,-11.577678,-76.26637,2023-06-27,2023,HUMAN_OBSERVATION,
Cinclodes palliatus,-11.755806,-76.045,2023-07-23,2023,HUMAN_OBSERVATION,
Cinclodes palliatus,-11.577678,-76.26637,2023-07-23,2023,HUMAN_OBSERVATION,
Cinclodes palliatus,-11.577678,-76.26637,2023-07-23,2023,HUMAN_OBSERVATION,
Cinclodes palliatus,-11.467018,-76.06379,2023-08-10T14:21,2023,HUMAN_OBSERVATION,31137.0
Cinclodes palliatus,-11.577678,-76.26637,2023-08-24,2023,HUMAN_OBSERVATION,
Cinclodes palliatus,-11.577478,-76.35644,2023-08-26,2023,HUMAN_OBSERVATION,
Cinclodes palliatus,-11.569814,-76.34358,2023-08-31,2023,HUMAN_OBSERVATION,
Cinclodes palliatus,-11.603326,-76.20338,2023-08-10,2023,HUMAN_OBSERVATION,
Cinclodes palliatus,-11.577478,-76.35644,2023-08-26,2023,HUMAN_OBSERVATION,
Cinclodes palliatus,-11.577478,-76.35644,2023-08-26,2023,HUMAN_OBSERVATION,
Cinclodes palliatus,-11.571391,-76.26088,2023-08-31,2023,HUMAN_OBSERVATION,
Cinclodes palliatus,-11.577478,-76.35644,2023-08-26,2023,HUMAN_OBSERVATION,
Cinclodes palliatus,-11.577478,-76.35644,2023-08-26,2023,HUMAN_OBSERVATION,
Cinclodes palliatus,-11.577478,-76.35644,2023-08-26,2023,HUMAN_OBSERVATION,
Cinclodes palliatus,-11.577478,-76.35644,2023-08-26,2023,HUMAN_OBSERVATION,
Cinclodes palliatus,-11.577478,-76.35644,2023-08-26,2023,HUMAN_OBSERVATION,
Cinclodes palliatus,-11.577478,-76.35644,2023-08-26,2023,HUMAN_OBSERVATION,
Cinclodes palliatus,-11.577478,-76.35644,2023-08-26,2023,HUMAN_OBSERVATION,
Cinclodes palliatus,-11.577478,-76.35644,2023-08-26,2023,HUMAN_OBSERVATION,
Cinclodes palliatus,-11.560762,-76.27602,2023-08-24,2023,HUMAN_OBSERVATION,
Cinclodes palliatus,-11.577478,-76.35644,2023-08-26,2023,HUMAN_OBSERVATION,
Cinclodes palliatus,-11.603326,-76.20338,2023-08-10,2023,HUMAN_OBSERVATION,
Cinclodes palliatus,-11.577478,-76.35644,2023-08-26,2023,HUMAN_OBSERVATION,
Cinclodes palliatus,-11.58,-76.36,2023-09-05,2023,HUMAN_OBSERVATION,1000.0
Cinclodes palliatus,-11.576038,-76.14919,2023-09-14,2023,HUMAN_OBSERVATION,
Cinclodes palliatus,-11.577678,-76.26637,2023-09-15,2023,HUMAN_OBSERVATION,
Cinclodes palliatus,-11.571403,-76.25902,2023-09-15,2023,HUMAN_OBSERVATION,
Cinclodes palliatus,-11.577678,-76.26637,2023-09-01,2023,HUMAN_OBSERVATION,
Cinclodes palliatus,-11.571403,-76.25902,2023-09-15,2023,HUMAN_OBSERVATION,
Cinclodes palliatus,-11.577678,-76.26637,2023-09-15,2023,HUMAN_OBSERVATION,
Cinclodes palliatus,-11.580433,-76.26234,2023-09-07,2023,HUMAN_OBSERVATION,
Cinclodes palliatus,-11.643842,-76.34073,2023-09-22,2023,HUMAN_OBSERVATION,
Cinclodes palliatus,-11.577678,-76.26637,2023-10-26,2023,HUMAN_OBSERVATION,
Cinclodes palliatus,-12.169845,-75.63094,2023-10-14,2023,HUMAN_OBSERVATION,
Cinclodes palliatus,-11.559751,-76.27505,2023-10-26,2023,HUMAN_OBSERVATION,
Cinclodes palliatus,-11.577678,-76.26637,2023-10-26,2023,HUMAN_OBSERVATION,
Cinclodes palliatus,-12.169845,-75.63094,2023-10-14,2023,HUMAN_OBSERVATION,
Cinclodes palliatus,-11.577678,-76.26637,2023-10-26,2023,HUMAN_OBSERVATION,
Cinclodes palliatus,-11.577678,-76.26637,2023-11-12,2023,HUMAN_OBSERVATION,
Cinclodes palliatus,-11.600121,-76.20055,2023-11-14,2023,HUMAN_OBSERVATION,
Cinclodes palliatus,-11.580422,-76.263016,2023-11-12,2023,HUMAN_OBSERVATION,
Cinclodes palliatus,-11.560762,-76.27602,2023-11-13,2023,HUMAN_OBSERVATION,
Cinclodes palliatus,-11.560762,-76.27602,2023-11-13,2023,HUMAN_OBSERVATION,
Cinclodes palliatus,-11.560762,-76.27602,2023-11-13,2023,HUMAN_OBSERVATION,
Cinclodes palliatus,-11.560762,-76.27602,2023-11-13,2023,HUMAN_OBSERVATION,
Cinclodes palliatus,-11.561981,-76.27196,2023-11-30,2023,HUMAN_OBSERVATION,
Cinclodes palliatus,-11.560762,-76.27602,2023-11-13,2023,HUMAN_OBSERVATION,
Cinclodes palliatus,-11.560762,-76.27602,2023-11-13,2023,HUMAN_OBSERVATION,
Cinclodes palliatus,-11.560762,-76.27602,2023-11-13,2023,HUMAN_OBSERVATION,
Cinclodes palliatus,-11.560762,-76.27602,2023-11-17,2023,HUMAN_OBSERVATION,
Cinclodes palliatus,-11.536823,-76.27763,2023-11-27,2023,HUMAN_OBSERVATION,
Cinclodes palliatus,-11.560762,-76.27602,2023-11-17,2023,HUMAN_OBSERVATION,
Cinclodes palliatus,-11.567416,-76.2786,2023-11-27,2023,HUMAN_OBSERVATION,
Cinclodes palliatus,-11.577478,-76.35644,2023-11-17,2023,HUMAN_OBSERVATION,
Cinclodes palliatus,-11.546491,-76.290436,2023-11-28,2023,HUMAN_OBSERVATION,
Cinclodes palliatus,-11.577478,-76.35644,2023-12-10,2023,HUMAN_OBSERVATION,
Cinclodes palliatus,-11.577678,-76.26637,2023-12-17,2023,HUMAN_OBSERVATION,
Cinclodes palliatus,-11.603326,-76.20338,2023-12-23,2023,HUMAN_OBSERVATION,
Cinclodes palliatus,-11.577678,-76.26637,2023-12-17,2023,HUMAN_OBSERVATION,
Cinclodes palliatus,-11.475146,-76.008967,2022-01-14T13:17,2022,HUMAN_OBSERVATION,31137.0
Cinclodes palliatus,-11.603326,-76.20338,2022-01-28,2022,HUMAN_OBSERVATION,
Cinclodes palliatus,-11.55976,-76.27515,2022-01-22,2022,HUMAN_OBSERVATION,
Cinclodes palliatus,-11.603326,-76.20338,2022-01-14,2022,HUMAN_OBSERVATION,
Cinclodes palliatus,-11.577678,-76.26637,2022-01-24,2022,HUMAN_OBSERVATION,
Cinclodes palliatus,-11.682864,-74.80047,2022-02-17,2022,HUMAN_OBSERVATION,
Cinclodes palliatus,-11.682864,-74.80047,2022-02-17,2022,HUMAN_OBSERVATION,
Cinclodes palliatus,-11.602019,-76.19822,2022-02-11,2022,HUMAN_OBSERVATION,
Cinclodes palliatus,-11.602019,-76.19822,2022-02-11,2022,HUMAN_OBSERVATION,
Cinclodes palliatus,-11.602019,-76.19822,2022-02-11,2022,HUMAN_OBSERVATION,
Cinclodes palliatus,-11.682864,-74.80047,2022-02-17,2022,HUMAN_OBSERVATION,
Cinclodes palliatus,-11.726856,-76.090541,2022-02-11T08:43,2022,HUMAN_OBSERVATION,31126.0
Cinclodes palliatus,-11.59418,-76.24908,2022-03-28,2022,HUMAN_OBSERVATION,
Cinclodes palliatus,-11.577478,-76.35644,2022-03-21,2022,HUMAN_OBSERVATION,
Cinclodes palliatus,-11.603326,-76.20338,2022-03-07,2022,HUMAN_OBSERVATION,
Cinclodes palliatus,-11.60798,-76.237724,2022-03-11,2022,HUMAN_OBSERVATION,
Cinclodes palliatus,-11.59418,-76.24908,2022-03-28,2022,HUMAN_OBSERVATION,
Cinclodes palliatus,-11.59418,-76.24908,2022-03-28,2022,HUMAN_OBSERVATION,
Cinclodes palliatus,-11.577678,-76.26637,2022-03-26,2022,HUMAN_OBSERVATION,
Cinclodes palliatus,-11.60798,-76.237724,2022-03-11,2022,HUMAN_OBSERVATION,
Cinclodes palliatus,-11.60798,-76.237724,2022-03-11,2022,HUMAN_OBSERVATION,
Cinclodes palliatus,-11.577678,-76.26637,2022-03-26,2022,HUMAN_OBSERVATION,
Cinclodes palliatus,-11.59418,-76.24908,2022-03-28,2022,HUMAN_OBSERVATION,
Cinclodes palliatus,-11.603326,-76.20338,2022-04-14,2022,HUMAN_OBSERVATION,
Cinclodes palliatus,-12.179663,-75.63267,2022-04-22,2022,HUMAN_OBSERVATION,
Cinclodes palliatus,-11.603326,-76.20338,2022-04-14,2022,HUMAN_OBSERVATION,
Cinclodes palliatus,-11.603326,-76.20338,2022-04-14,2022,HUMAN_OBSERVATION,
Cinclodes palliatus,-11.59418,-76.24908,2022-04-21,2022,HUMAN_OBSERVATION,
Cinclodes palliatus,-11.59418,-76.24908,2022-04-21,2022,HUMAN_OBSERVATION,
Cinclodes palliatus,-11.577478,-76.35644,2022-04-30,2022,HUMAN_OBSERVATION,
Cinclodes palliatus,-11.59418,-76.24908,2022-04-21,2022,HUMAN_OBSERVATION,
Cinclodes palliatus,-12.179663,-75.63267,2022-04-22,2022,HUMAN_OBSERVATION,
Cinclodes palliatus,-11.603326,-76.20338,2022-04-14,2022,HUMAN_OBSERVATION,
Cinclodes palliatus,-12.179663,-75.63267,2022-04-22,2022,HUMAN_OBSERVATION,
Cinclodes palliatus,-11.560762,-76.27602,2022-04-30,2022,HUMAN_OBSERVATION,
Cinclodes palliatus,-11.603326,-76.20338,2022-04-14,2022,HUMAN_OBSERVATION,
Cinclodes palliatus,-11.560762,-76.27602,2022-04-07,2022,HUMAN_OBSERVATION,
Cinclodes palliatus,-12.179663,-75.63267,2022-04-22,2022,HUMAN_OBSERVATION,
Cinclodes palliatus,-11.577678,-76.26637,2022-05-21,2022,HUMAN_OBSERVATION,
Cinclodes palliatus,-11.577678,-76.26637,2022-05-21,2022,HUMAN_OBSERVATION,
Cinclodes palliatus,-11.577678,-76.26637,2022-05-21,2022,HUMAN_OBSERVATION,
Cinclodes palliatus,-11.577678,-76.26637,2022-05-21,2022,HUMAN_OBSERVATION,
Cinclodes palliatus,-11.577678,-76.26637,2022-05-21,2022,HUMAN_OBSERVATION,
Cinclodes palliatus,-11.607903,-76.23786,2022-05-08,2022,HUMAN_OBSERVATION,
Cinclodes palliatus,-11.559405,-76.218051,2022-06-11T10:28,2022,HUMAN_OBSERVATION,31137.0
Cinclodes palliatus,-11.577678,-76.26637,2022-06-11,2022,HUMAN_OBSERVATION,
Cinclodes palliatus,-11.577678,-76.26637,2022-06-11,2022,HUMAN_OBSERVATION,
Cinclodes palliatus,-12.169845,-75.63094,2022-06-28,2022,HUMAN_OBSERVATION,
Cinclodes palliatus,-11.571773,-76.261432,2022-07-11,2022,HUMAN_OBSERVATION,5.0
Cinclodes palliatus,-11.569047,-76.267168,2022-07-11,2022,HUMAN_OBSERVATION,32.0
Cinclodes palliatus,-11.603326,-76.20338,2022-07-18,2022,HUMAN_OBSERVATION,
Cinclodes palliatus,-11.603326,-76.20338,2022-07-18,2022,HUMAN_OBSERVATION,
Cinclodes palliatus,-11.559654,-76.27511,2022-07-11,2022,HUMAN_OBSERVATION,
Cinclodes palliatus,-11.577478,-76.35644,2022-07-30,2022,HUMAN_OBSERVATION,
Cinclodes palliatus,-11.577678,-76.26637,2022-07-11,2022,HUMAN_OBSERVATION,
Cinclodes palliatus,-11.560762,-76.27602,2022-07-11,2022,HUMAN_OBSERVATION,
Cinclodes palliatus,-11.603326,-76.20338,2022-08-19,2022,HUMAN_OBSERVATION,
Cinclodes palliatus,-11.577678,-76.26637,2022-08-13,2022,HUMAN_OBSERVATION,
Cinclodes palliatus,-11.58083,-76.263115,2022-08-06,2022,HUMAN_OBSERVATION,
Cinclodes palliatus,-11.58083,-76.263115,2022-08-06,2022,HUMAN_OBSERVATION,
Cinclodes palliatus,-11.603326,-76.20338,2022-08-19,2022,HUMAN_OBSERVATION,
Cinclodes palliatus,-11.577678,-76.26637,2022-08-13,2022,HUMAN_OBSERVATION,
Cinclodes palliatus,-11.571527,-76.26152,2022-09-07,2022,HUMAN_OBSERVATION,3.0
Cinclodes palliatus,-11.571321,-76.260895,2022-09-07,2022,HUMAN_OBSERVATION,6.0
Cinclodes palliatus,-11.577478,-76.35644,2022-09-27,2022,HUMAN_OBSERVATION,
Cinclodes palliatus,-11.577478,-76.35644,2022-09-27,2022,HUMAN_OBSERVATION,
Cinclodes palliatus,-11.577478,-76.35644,2022-09-27,2022,HUMAN_OBSERVATION,
Cinclodes palliatus,-11.577478,-76.35644,2022-09-27,2022,HUMAN_OBSERVATION,
Cinclodes palliatus,-11.556216,-76.2767,2022-09-06,2022,HUMAN_OBSERVATION,
Cinclodes palliatus,-11.556216,-76.2767,2022-09-06,2022,HUMAN_OBSERVATION,
Cinclodes palliatus,-11.577478,-76.35644,2022-09-27,2022,HUMAN_OBSERVATION,
Cinclodes palliatus,-11.556216,-76.2767,2022-09-06,2022,HUMAN_OBSERVATION,
Cinclodes palliatus,-11.556216,-76.2767,2022-09-06,2022,HUMAN_OBSERVATION,
Cinclodes palliatus,-11.577678,-76.26637,2022-09-02,2022,HUMAN_OBSERVATION,
Cinclodes palliatus,-11.603326,-76.20338,2022-09-08,2022,HUMAN_OBSERVATION,
Cinclodes palliatus,-11.577678,-76.26637,2022-09-07,2022,HUMAN_OBSERVATION,
Cinclodes palliatus,-11.577478,-76.35644,2022-09-27,2022,HUMAN_OBSERVATION,
Cinclodes palliatus,-11.577478,-76.35644,2022-09-27,2022,HUMAN_OBSERVATION,
Cinclodes palliatus,-11.577478,-76.35644,2022-09-27,2022,HUMAN_OBSERVATION,
Cinclodes palliatus,-11.603326,-76.20338,2022-09-08,2022,HUMAN_OBSERVATION,
Cinclodes palliatus,-9.124234,-75.177992,2022-10-18T16:43,2022,HUMAN_OBSERVATION,1237616.0
Cinclodes palliatus,-11.577478,-76.35644,2022-10-02,2022,HUMAN_OBSERVATION,
Cinclodes palliatus,-11.603326,-76.20338,2022-10-19,2022,HUMAN_OBSERVATION,
Cinclodes palliatus,-11.577478,-76.35644,2022-10-02,2022,HUMAN_OBSERVATION,
Cinclodes palliatus,-11.603326,-76.20338,2022-10-19,2022,HUMAN_OBSERVATION,
Cinclodes palliatus,-11.580893,-76.26328,2022-10-23,2022,HUMAN_OBSERVATION,
Cinclodes palliatus,-11.577478,-76.35644,2022-10-09,2022,HUMAN_OBSERVATION,
Cinclodes palliatus,-11.603326,-76.20338,2022-10-19,2022,HUMAN_OBSERVATION,
Cinclodes palliatus,-11.577478,-76.35644,2022-10-02,2022,HUMAN_OBSERVATION,
Cinclodes palliatus,-11.560762,-76.27602,2022-10-18,2022,HUMAN_OBSERVATION,
Cinclodes palliatus,-11.57854,-76.26284,2022-11-02,2022,HUMAN_OBSERVATION,6.0
Cinclodes palliatus,-11.601343,-76.201698,2022-11-01,2022,HUMAN_OBSERVATION,1.0
Cinclodes palliatus,-11.550375,-76.274582,2022-11-02,2022,HUMAN_OBSERVATION,5.0
Cinclodes palliatus,-11.562186,-76.277428,2022-11-02,2022,HUMAN_OBSERVATION,1.0
Cinclodes palliatus,-11.562764,-76.277618,2022-11-02,2022,HUMAN_OBSERVATION,6.0
Cinclodes palliatus,-11.601333,-76.201698,2022-11-01,2022,HUMAN_OBSERVATION,3.0
Cinclodes palliatus,-11.601343,-76.201698,2022-11-01,2022,HUMAN_OBSERVATION,1.0
Cinclodes palliatus,-11.562186,-76.277428,2022-11-02,2022,HUMAN_OBSERVATION,1.0
Cinclodes palliatus,-11.601513,-76.20001,2022-11-01,2022,HUMAN_OBSERVATION,
Cinclodes palliatus,-11.601189,-76.198586,2022-11-26,2022,HUMAN_OBSERVATION,
Cinclodes palliatus,-11.573547,-76.263214,2022-11-14,2022,HUMAN_OBSERVATION,
Cinclodes palliatus,-11.560762,-76.27602,2022-11-13,2022,HUMAN_OBSERVATION,
Cinclodes palliatus,-11.571403,-76.25902,2022-11-26,2022,HUMAN_OBSERVATION,
Cinclodes palliatus,-11.601189,-76.198586,2022-11-26,2022,HUMAN_OBSERVATION,
Cinclodes palliatus,-11.58053,-76.262794,2022-11-02,2022,HUMAN_OBSERVATION,
Cinclodes palliatus,-11.608426,-76.2403,2022-11-03,2022,HUMAN_OBSERVATION,
Cinclodes palliatus,-11.601624,-76.19871,2022-11-15,2022,HUMAN_OBSERVATION,
Cinclodes palliatus,-11.560918,-76.27662,2022-11-02,2022,HUMAN_OBSERVATION,
Cinclodes palliatus,-11.577678,-76.26637,2022-11-14,2022,HUMAN_OBSERVATION,
Cinclodes palliatus,-11.608426,-76.2403,2022-11-03,2022,HUMAN_OBSERVATION,
Cinclodes palliatus,-11.589829,-76.227486,2022-11-28,2022,HUMAN_OBSERVATION,
Cinclodes palliatus,-11.608426,-76.2403,2022-11-03,2022,HUMAN_OBSERVATION,
Cinclodes palliatus,-11.601189,-76.198586,2022-11-26,2022,HUMAN_OBSERVATION,
Cinclodes palliatus,-11.555253,-76.27607,2022-11-02,2022,HUMAN_OBSERVATION,
Cinclodes palliatus,-11.577678,-76.26637,2022-11-07,2022,HUMAN_OBSERVATION,
Cinclodes palliatus,-11.601189,-76.198586,2022-11-26,2022,HUMAN_OBSERVATION,
Cinclodes palliatus,-11.580515,-76.26302,2022-11-14,2022,HUMAN_OBSERVATION,
Cinclodes palliatus,-12.169845,-75.63094,2022-11-22,2022,HUMAN_OBSERVATION,
Cinclodes palliatus,-11.603326,-76.20338,2022-12-05,2022,HUMAN_OBSERVATION,
Cinclodes palliatus,-11.603326,-76.20338,2022-12-05,2022,HUMAN_OBSERVATION,
Cinclodes palliatus,-11.603326,-76.20338,2022-12-05,2022,HUMAN_OBSERVATION,
Cinclodes palliatus,-11.603326,-76.20338,2022-12-07,2022,HUMAN_OBSERVATION,
Cinclodes palliatus,-11.603326,-76.20338,2022-12-05,2022,HUMAN_OBSERVATION,
Cinclodes palliatus,-11.718401,-76.369374,2022-12-07,2022,HUMAN_OBSERVATION,31126.0
Cinclodes palliatus,-10.585703,-76.693306,2021-03-25,2021,HUMAN_OBSERVATION,
Cinclodes palliatus,-12.177252,-75.636536,2021-03-02,2021,HUMAN_OBSERVATION,
Cinclodes palliatus,-11.58099,-76.26228,2021-04-29,2021,HUMAN_OBSERVATION,
Cinclodes palliatus,-12.177252,-75.636536,2021-04-15,2021,HUMAN_OBSERVATION,
Cinclodes palliatus,-11.577678,-76.26637,2021-04-24,2021,HUMAN_OBSERVATION,
Cinclodes palliatus,-11.58099,-76.26228,2021-04-29,2021,HUMAN_OBSERVATION,
Cinclodes palliatus,-11.58099,-76.26228,2021-04-29,2021,HUMAN_OBSERVATION,
Cinclodes palliatus,-11.560762,-76.27602,2021-04-23,2021,HUMAN_OBSERVATION,
Cinclodes palliatus,-11.577678,-76.26637,2021-05-27,2021,HUMAN_OBSERVATION,
Cinclodes palliatus,-11.58099,-76.26228,2021-05-27,2021,HUMAN_OBSERVATION,
Cinclodes palliatus,-11.58099,-76.26228,2021-05-27,2021,HUMAN_OBSERVATION,
Cinclodes palliatus,-11.603326,-76.20338,2021-05-20,2021,HUMAN_OBSERVATION,
Cinclodes palliatus,-11.577678,-76.26637,2021-05-27,2021,HUMAN_OBSERVATION,
Cinclodes palliatus,-11.577678,-76.26637,2021-05-27,2021,HUMAN_OBSERVATION,
Cinclodes palliatus,-11.58099,-76.26228,2021-05-27,2021,HUMAN_OBSERVATION,
Cinclodes palliatus,-11.577678,-76.26637,2021-05-27,2021,HUMAN_OBSERVATION,
Cinclodes palliatus,-11.58099,-76.26228,2021-05-27,2021,HUMAN_OBSERVATION,
Cinclodes palliatus,-11.603326,-76.20338,2021-05-20,2021,HUMAN_OBSERVATION,
Cinclodes palliatus,-11.570229,-76.26886,2021-06-23,2021,HUMAN_OBSERVATION,
Cinclodes palliatus,-11.601513,-76.19919,2021-06-23,2021,HUMAN_OBSERVATION,
Cinclodes palliatus,-11.079071,-76.15207,2021-08-11,2021,HUMAN_OBSERVATION,
Cinclodes palliatus,-11.603326,-76.20338,2021-08-20,2021,HUMAN_OBSERVATION,
Cinclodes palliatus,-11.577478,-76.35644,2021-09-23,2021,HUMAN_OBSERVATION,
Cinclodes palliatus,-11.578661,-76.35436,2021-09-23,2021,HUMAN_OBSERVATION,
Cinclodes palliatus,-11.608251,-76.23771,2021-09-19,2021,HUMAN_OBSERVATION,
Cinclodes palliatus,-12.169845,-75.63094,2021-09-23,2021,HUMAN_OBSERVATION,
Cinclodes palliatus,-11.577478,-76.35644,2021-09-23,2021,HUMAN_OBSERVATION,
Cinclodes palliatus,-11.560762,-76.27602,2021-10-29,2021,HUMAN_OBSERVATION,
Cinclodes palliatus,-11.598432,-76.1356,2021-10-14,2021,HUMAN_OBSERVATION,
Cinclodes palliatus,-11.579871,-76.26558,2021-10-01,2021,HUMAN_OBSERVATION,
Cinclodes palliatus,-11.595321,-76.36584,2021-10-26,2021,HUMAN_OBSERVATION,
Cinclodes palliatus,-11.560762,-76.27602,2021-10-01,2021,HUMAN_OBSERVATION,
Cinclodes palliatus,-11.560762,-76.27602,2021-10-01,2021,HUMAN_OBSERVATION,
Cinclodes palliatus,-11.598432,-76.1356,2021-10-14,2021,HUMAN_OBSERVATION,
Cinclodes palliatus,-11.578904,-76.266212,2021-10-01,2021,HUMAN_OBSERVATION,3.0
Cinclodes palliatus,-11.598432,-76.1356,2021-10-14,2021,HUMAN_OBSERVATION,
Cinclodes palliatus,-12.252873,-75.81149,2021-11-24,2021,HUMAN_OBSERVATION,
Cinclodes palliatus,-12.169845,-75.63094,2021-11-20,2021,HUMAN_OBSERVATION,
Cinclodes palliatus,-12.169845,-75.63094,2021-11-23,2021,HUMAN_OBSERVATION,
Cinclodes palliatus,-11.567808,-76.34196,2021-11-13,2021,HUMAN_OBSERVATION,
Cinclodes palliatus,-11.42163,-76.34846,2021-11-28,2021,HUMAN_OBSERVATION,
Cinclodes palliatus,-11.021532,-76.465866,2021-12-08,2021,HUMAN_OBSERVATION,
Cinclodes palliatus,-11.577678,-76.26637,2020-02-13,2020,HUMAN_OBSERVATION,
Cinclodes palliatus,-11.577678,-76.26637,2020-02-13,2020,HUMAN_OBSERVATION,
Cinclodes palliatus,-11.577478,-76.35644,2020-03-08,2020,HUMAN_OBSERVATION,
Cinclodes palliatus,-11.577478,-76.35644,2020-03-05,2020,HUMAN_OBSERVATION,
Cinclodes palliatus,-11.083673,-76.137726,2020-09-17,2020,HUMAN_OBSERVATION,
Cinclodes palliatus,-11.603326,-76.20338,2020-10-19,2020,HUMAN_OBSERVATION,
Cinclodes palliatus,-11.603326,-76.20338,2020-10-19,2020,HUMAN_OBSERVATION,
Cinclodes palliatus,-11.603326,-76.20338,2020-10-19,2020,HUMAN_OBSERVATION,
Cinclodes palliatus,-11.577678,-76.26637,2020-12-17,2020,HUMAN_OBSERVATION,
Cinclodes palliatus,-11.560762,-76.27602,2020-12-09,2020,HUMAN_OBSERVATION,
Cinclodes palliatus,-11.560762,-76.27602,2020-12-09,2020,HUMAN_OBSERVATION,
Cinclodes palliatus,-11.577678,-76.26637,2020-12-17,2020,HUMAN_OBSERVATION,
Cinclodes palliatus,-11.577678,-76.26637,2020-12-17,2020,HUMAN_OBSERVATION,
Cinclodes palliatus,-12.179663,-75.63267,2019-01-11,2019,HUMAN_OBSERVATION,
Cinclodes palliatus,-11.601487,-76.199005,2019-01-03,2019,HUMAN_OBSERVATION,
Cinclodes palliatus,-11.577678,-76.26637,2019-01-30,2019,HUMAN_OBSERVATION,
Cinclodes palliatus,-11.577678,-76.26637,2019-01-30,2019,HUMAN_OBSERVATION,
Cinclodes palliatus,-11.603326,-76.20338,2019-01-03,2019,HUMAN_OBSERVATION,
Cinclodes palliatus,-11.5582,-76.27531,2019-01-06,2019,HUMAN_OBSERVATION,
Cinclodes palliatus,-12.179663,-75.63267,2019-02-10,2019,HUMAN_OBSERVATION,
Cinclodes palliatus,-11.560762,-76.27602,2019-03-03,2019,HUMAN_OBSERVATION,
Cinclodes palliatus,-11.42163,-76.34846,2019-03-25,2019,HUMAN_OBSERVATION,
Cinclodes palliatus,-11.560762,-76.27602,2019-03-03,2019,HUMAN_OBSERVATION,
Cinclodes palliatus,-11.560762,-76.27602,2019-03-20,2019,HUMAN_OBSERVATION,
Cinclodes palliatus,-11.560762,-76.27602,2019-03-20,2019,HUMAN_OBSERVATION,
Cinclodes palliatus,-12.177252,-75.636536,2019-04-11,2019,HUMAN_OBSERVATION,
Cinclodes palliatus,-11.61762,-76.23556,2019-04-15,2019,HUMAN_OBSERVATION,
Cinclodes palliatus,-12.194294,-75.682144,2019-04-10,2019,HUMAN_OBSERVATION,
Cinclodes palliatus,-11.560008,-76.27458,2019-04-15,2019,HUMAN_OBSERVATION,
Cinclodes palliatus,-11.585526,-76.26181,2019-04-15,2019,HUMAN_OBSERVATION,
Cinclodes palliatus,-11.582173,-76.26288,2019-04-15,2019,HUMAN_OBSERVATION,
Cinclodes palliatus,-11.800501,-75.98845,2019-04-03,2019,HUMAN_OBSERVATION,
Cinclodes palliatus,-11.598107,-76.300378,2019-05-04T11:36,2019,HUMAN_OBSERVATION,31137.0
Cinclodes palliatus,-12.170236,-75.628204,2019-05-04,2019,HUMAN_OBSERVATION,
Cinclodes palliatus,-11.577678,-76.26637,2019-05-08,2019,HUMAN_OBSERVATION,
Cinclodes palliatus,-11.581013,-76.26235,2019-05-26,2019,HUMAN_OBSERVATION,
Cinclodes palliatus,-11.577678,-76.26637,2019-05-08,2019,HUMAN_OBSERVATION,
Cinclodes palliatus,-11.577478,-76.35644,2019-05-16,2019,HUMAN_OBSERVATION,
Cinclodes palliatus,-11.577478,-76.35644,2019-05-16,2019,HUMAN_OBSERVATION,
Cinclodes palliatus,-11.577478,-76.35644,2019-05-16,2019,HUMAN_OBSERVATION,
Cinclodes palliatus,-12.170236,-75.628204,2019-05-04,2019,HUMAN_OBSERVATION,
Cinclodes palliatus,-12.526282,-75.50572,2019-05-10,2019,HUMAN_OBSERVATION,
Cinclodes palliatus,-11.577478,-76.35644,2019-05-04,2019,HUMAN_OBSERVATION,
Cinclodes palliatus,-11.706914,-76.26722,2019-05-19,2019,HUMAN_OBSERVATION,
Cinclodes palliatus,-11.577678,-76.26637,2019-05-08,2019,HUMAN_OBSERVATION,
Cinclodes palliatus,-11.579702,-76.263176,2019-06-08,2019,HUMAN_OBSERVATION,
Cinclodes palliatus,-11.580564,-76.262054,2019-06-30,2019,HUMAN_OBSERVATION,
Cinclodes palliatus,-11.52665,-76.28416,2019-06-23,2019,HUMAN_OBSERVATION,
Cinclodes palliatus,-11.603326,-76.20338,2019-06-17,2019,HUMAN_OBSERVATION,
Cinclodes palliatus,-11.52665,-76.28416,2019-06-23,2019,HUMAN_OBSERVATION,
Cinclodes palliatus,-11.580561,-76.263474,2019-06-30,2019,HUMAN_OBSERVATION,25.0
Cinclodes palliatus,-11.580561,-76.263474,2019-06-30,2019,HUMAN_OBSERVATION,25.0
Cinclodes palliatus,-11.600534,-76.200497,2019-06-17,2019,HUMAN_OBSERVATION,10.0
Cinclodes palliatus,-11.560762,-76.27602,2019-06-14,2019,HUMAN_OBSERVATION,
Cinclodes palliatus,-11.556849,-76.30706,2019-07-13,2019,HUMAN_OBSERVATION,
Cinclodes palliatus,-11.598432,-76.1356,2019-07-16,2019,HUMAN_OBSERVATION,
Cinclodes palliatus,-11.560762,-76.27602,2019-07-06,2019,HUMAN_OBSERVATION,
Cinclodes palliatus,-11.557426,-76.27566,2019-07-28,2019,HUMAN_OBSERVATION,
Cinclodes palliatus,-11.556849,-76.30706,2019-07-13,2019,HUMAN_OBSERVATION,
Cinclodes palliatus,-9.530101,-77.52544,2019-07-06,2019,HUMAN_OBSERVATION,
Cinclodes palliatus,-11.556849,-76.30706,2019-07-13,2019,HUMAN_OBSERVATION,
Cinclodes palliatus,-11.556849,-76.30706,2019-07-13,2019,HUMAN_OBSERVATION,
Cinclodes palliatus,-11.557204,-76.30582,2019-07-02,2019,HUMAN_OBSERVATION,
Cinclodes palliatus,-12.179663,-75.63267,2019-08-21,2019,HUMAN_OBSERVATION,
Cinclodes palliatus,-11.603326,-76.20338,2019-08-20,2019,HUMAN_OBSERVATION,
Cinclodes palliatus,-11.560762,-76.27602,2019-08-14,2019,HUMAN_OBSERVATION,
Cinclodes palliatus,-11.595321,-76.36584,2019-08-10,2019,HUMAN_OBSERVATION,
Cinclodes palliatus,-11.771452,-75.71393,2019-09-14,2019,HUMAN_OBSERVATION,
Cinclodes palliatus,-12.179663,-75.63267,2019-09-04,2019,HUMAN_OBSERVATION,
Cinclodes palliatus,-11.603326,-76.20338,2019-09-11,2019,HUMAN_OBSERVATION,
Cinclodes palliatus,-11.577478,-76.35644,2019-10-18,2019,HUMAN_OBSERVATION,
Cinclodes palliatus,-11.577478,-76.35644,2019-10-18,2019,HUMAN_OBSERVATION,
Cinclodes palliatus,-12.179663,-75.63267,2019-10-01,2019,HUMAN_OBSERVATION,
Cinclodes palliatus,-11.559075,-76.27554,2019-10-14,2019,HUMAN_OBSERVATION,
Cinclodes palliatus,-11.603326,-76.20338,2019-10-10,2019,HUMAN_OBSERVATION,
Cinclodes palliatus,-11.558119,-76.25916,2019-11-12,2019,HUMAN_OBSERVATION,
Cinclodes palliatus,-11.603326,-76.20338,2019-11-26,2019,HUMAN_OBSERVATION,
Cinclodes palliatus,-11.603326,-76.20338,2019-11-26,2019,HUMAN_OBSERVATION,
Cinclodes palliatus,-12.179663,-75.63267,2019-11-15,2019,HUMAN_OBSERVATION,
Cinclodes palliatus,-11.577678,-76.26637,2019-11-23,2019,HUMAN_OBSERVATION,
Cinclodes palliatus,-11.577678,-76.26637,2019-11-23,2019,HUMAN_OBSERVATION,
Cinclodes palliatus,-11.577678,-76.26637,2019-11-23,2019,HUMAN_OBSERVATION,
Cinclodes palliatus,-11.60058,-76.198975,2018-01-16,2018,HUMAN_OBSERVATION,
Cinclodes palliatus,-11.598432,-76.1356,2018-03-02,2018,HUMAN_OBSERVATION,
Cinclodes palliatus,-11.584846,-76.25805,2018-03-18,2018,HUMAN_OBSERVATION,
Cinclodes palliatus,-12.169845,-75.63094,2018-03-11,2018,HUMAN_OBSERVATION,
Cinclodes palliatus,-11.584846,-76.25805,2018-03-18,2018,HUMAN_OBSERVATION,
Cinclodes palliatus,-11.559075,-76.27554,2018-04-07,2018,HUMAN_OBSERVATION,
Cinclodes palliatus,-11.559075,-76.27554,2018-04-07,2018,HUMAN_OBSERVATION,
Cinclodes palliatus,-11.559075,-76.27554,2018-04-07,2018,HUMAN_OBSERVATION,
Cinclodes palliatus,-11.560762,-76.27602,2018-04-16,2018,HUMAN_OBSERVATION,
Cinclodes palliatus,-11.5867,-76.265,2018-04-16,2018,HUMAN_OBSERVATION,
Cinclodes palliatus,-11.603326,-76.20338,2018-05-05,2018,HUMAN_OBSERVATION,
Cinclodes palliatus,-11.559544,-76.27459,2018-05-14,2018,HUMAN_OBSERVATION,
Cinclodes palliatus,-11.559544,-76.27459,2018-05-14,2018,HUMAN_OBSERVATION,
Cinclodes palliatus,-11.603326,-76.20338,2018-05-05,2018,HUMAN_OBSERVATION,
Cinclodes palliatus,-11.76684,-76.005936,2018-06-14T07:17,2018,HUMAN_OBSERVATION,31126.0
Cinclodes palliatus,-11.601994,-76.19826,2018-06-14,2018,HUMAN_OBSERVATION,
Cinclodes palliatus,-11.581496,-76.262764,2018-06-14,2018,HUMAN_OBSERVATION,
Cinclodes palliatus,-11.601994,-76.19826,2018-06-14,2018,HUMAN_OBSERVATION,
Cinclodes palliatus,-11.581496,-76.262764,2018-06-14,2018,HUMAN_OBSERVATION,
Cinclodes palliatus,-11.581496,-76.262764,2018-06-14,2018,HUMAN_OBSERVATION,
Cinclodes palliatus,-11.601994,-76.19826,2018-06-14,2018,HUMAN_OBSERVATION,
Cinclodes palliatus,-11.601994,-76.19826,2018-06-14,2018,HUMAN_OBSERVATION,
Cinclodes palliatus,-12.180299,-75.63006,2018-06-25,2018,HUMAN_OBSERVATION,
Cinclodes palliatus,-11.579702,-76.263176,2018-06-29,2018,HUMAN_OBSERVATION,
Cinclodes palliatus,-11.581496,-76.262764,2018-06-14,2018,HUMAN_OBSERVATION,
Cinclodes palliatus,-11.581496,-76.262764,2018-06-14,2018,HUMAN_OBSERVATION,
Cinclodes palliatus,-11.601994,-76.19826,2018-06-14,2018,HUMAN_OBSERVATION,
Cinclodes palliatus,-11.601994,-76.19826,2018-06-14,2018,HUMAN_OBSERVATION,
Cinclodes palliatus,-11.581496,-76.262764,2018-06-14,2018,HUMAN_OBSERVATION,
Cinclodes palliatus,-11.607254,-76.199036,2018-06-11,2018,HUMAN_OBSERVATION,
Cinclodes palliatus,-11.563293,-76.27509,2018-06-13,2018,HUMAN_OBSERVATION,
Cinclodes palliatus,-11.563293,-76.27509,2018-06-13,2018,HUMAN_OBSERVATION,
Cinclodes palliatus,-11.560762,-76.27602,2018-07-25,2018,HUMAN_OBSERVATION,
Cinclodes palliatus,-11.603326,-76.20338,2018-07-20,2018,HUMAN_OBSERVATION,
Cinclodes palliatus,-11.797069,-76.290077,2018-07-20,2018,HUMAN_OBSERVATION,31126.0
Cinclodes palliatus,-11.603326,-76.20338,2018-07-25,2018,HUMAN_OBSERVATION,
Cinclodes palliatus,-11.560762,-76.27602,2018-07-25,2018,HUMAN_OBSERVATION,
Cinclodes palliatus,-11.560762,-76.27602,2018-07-29,2018,HUMAN_OBSERVATION,
Cinclodes palliatus,-11.597423,-76.19221,2018-07-30,2018,HUMAN_OBSERVATION,
Cinclodes palliatus,-11.597423,-76.19221,2018-07-30,2018,HUMAN_OBSERVATION,
Cinclodes palliatus,-11.560762,-76.27602,2018-07-29,2018,HUMAN_OBSERVATION,
Cinclodes palliatus,-11.597423,-76.19221,2018-07-30,2018,HUMAN_OBSERVATION,
Cinclodes palliatus,-11.560762,-76.27602,2018-07-29,2018,HUMAN_OBSERVATION,
Cinclodes palliatus,-11.560762,-76.27602,2018-07-10,2018,HUMAN_OBSERVATION,
Cinclodes palliatus,-11.573405,-76.26817,2018-08-26,2018,HUMAN_OBSERVATION,
Cinclodes palliatus,-11.560762,-76.27602,2018-08-11,2018,HUMAN_OBSERVATION,
Cinclodes palliatus,-11.5931,-76.1964,2018-08-12,2018,HUMAN_OBSERVATION,
Cinclodes palliatus,-11.578661,-76.35436,2018-09-05,2018,HUMAN_OBSERVATION,
Cinclodes palliatus,-11.580905,-76.26172,2018-10-10,2018,HUMAN_OBSERVATION,
Cinclodes palliatus,-11.577478,-76.35644,2018-10-21,2018,HUMAN_OBSERVATION,
Cinclodes palliatus,-11.557247,-76.293175,2018-10-04,2018,HUMAN_OBSERVATION,
Cinclodes palliatus,-11.557247,-76.293175,2018-10-04,2018,HUMAN_OBSERVATION,
Cinclodes palliatus,-11.580867,-76.26193,2018-10-10,2018,HUMAN_OBSERVATION,
Cinclodes palliatus,-11.487191,-76.245492,2018-10-21T10:28,2018,HUMAN_OBSERVATION,31137.0
Cinclodes palliatus,-11.577478,-76.35644,2018-10-21,2018,HUMAN_OBSERVATION,
Cinclodes palliatus,-11.570141,-76.26354,2018-10-31,2018,HUMAN_OBSERVATION,
Cinclodes palliatus,-11.570141,-76.26354,2018-10-31,2018,HUMAN_OBSERVATION,
Cinclodes palliatus,-11.603326,-76.20338,2018-11-04,2018,HUMAN_OBSERVATION,
Cinclodes palliatus,-11.603326,-76.20338,2018-11-04,2018,HUMAN_OBSERVATION,
Cinclodes palliatus,-11.580972,-76.26232,2018-11-03,2018,HUMAN_OBSERVATION,
Cinclodes palliatus,-11.560762,-76.27602,2018-11-10,2018,HUMAN_OBSERVATION,
Cinclodes palliatus,-11.603326,-76.20338,2018-11-14,2018,HUMAN_OBSERVATION,
Cinclodes palliatus,-11.595321,-76.36584,2018-11-17,2018,HUMAN_OBSERVATION,
Cinclodes palliatus,-11.601039,-76.19873,2018-11-19,2018,HUMAN_OBSERVATION,
Cinclodes palliatus,-11.603326,-76.20338,2018-11-27,2018,HUMAN_OBSERVATION,
Cinclodes palliatus,-11.577678,-76.26637,2018-11-03,2018,HUMAN_OBSERVATION,
Cinclodes palliatus,-11.570274,-76.26327,2018-11-20,2018,HUMAN_OBSERVATION,
Cinclodes palliatus,-11.603326,-76.20338,2018-11-26,2018,HUMAN_OBSERVATION,
Cinclodes palliatus,-11.603326,-76.20338,2018-11-15,2018,HUMAN_OBSERVATION,
Cinclodes palliatus,-11.600967,-76.19826,2018-12-02,2018,HUMAN_OBSERVATION,
Cinclodes palliatus,-11.603326,-76.20338,2018-12-02,2018,HUMAN_OBSERVATION,
Cinclodes palliatus,-11.598432,-76.1356,2017-01-29,2017,HUMAN_OBSERVATION,
Cinclodes palliatus,-11.560762,-76.27602,2017-02-19,2017,HUMAN_OBSERVATION,
Cinclodes palliatus,-11.603326,-76.20338,2017-02-19,2017,HUMAN_OBSERVATION,
Cinclodes palliatus,-11.560762,-76.27602,2017-02-19,2017,HUMAN_OBSERVATION,
Cinclodes palliatus,-11.603326,-76.20338,2017-02-19,2017,HUMAN_OBSERVATION,
Cinclodes palliatus,-11.583633,-76.33026,2017-04-05,2017,HUMAN_OBSERVATION,
Cinclodes palliatus,-11.560762,-76.27602,2017-05-14,2017,HUMAN_OBSERVATION,
Cinclodes palliatus,-11.603326,-76.20338,2017-05-13,2017,HUMAN_OBSERVATION,
Cinclodes palliatus,-11.42163,-76.34846,2017-05-19,2017,HUMAN_OBSERVATION,
Cinclodes palliatus,-11.614034,-76.234375,2017-05-22,2017,HUMAN_OBSERVATION,
Cinclodes palliatus,-11.601789,-76.198555,2017-05-20,2017,HUMAN_OBSERVATION,
Cinclodes palliatus,-12.169845,-75.63094,2017-05-13,2017,HUMAN_OBSERVATION,
Cinclodes palliatus,-11.580963,-76.263714,2017-06-22,2017,HUMAN_OBSERVATION,12.0
Cinclodes palliatus,-11.581,-76.262,2017-07-20,2017,HUMAN_OBSERVATION,
Cinclodes palliatus,-11.560762,-76.27602,2017-07-20,2017,HUMAN_OBSERVATION,
Cinclodes palliatus,-11.559486,-76.27511,2017-07-20,2017,HUMAN_OBSERVATION,
Cinclodes palliatus,-11.578124,-76.35385,2017-07-20,2017,HUMAN_OBSERVATION,
Cinclodes palliatus,-11.560762,-76.27602,2017-07-20,2017,HUMAN_OBSERVATION,
Cinclodes palliatus,-11.585808,-76.36464,2017-07-19,2017,HUMAN_OBSERVATION,
Cinclodes palliatus,-11.579797,-76.262741,2017-07-19,2017,HUMAN_OBSERVATION,10.0
Cinclodes palliatus,-11.579797,-76.262741,2017-07-19,2017,HUMAN_OBSERVATION,10.0
Cinclodes palliatus,-11.585808,-76.364637,2017-07-19,2017,HUMAN_OBSERVATION,1000.0
Cinclodes palliatus,-11.585853,-76.364975,2017-08-25,2017,HUMAN_OBSERVATION,
Cinclodes palliatus,-11.585853,-76.364975,2017-08-25,2017,HUMAN_OBSERVATION,
Cinclodes palliatus,-11.560762,-76.27602,2017-09-10,2017,HUMAN_OBSERVATION,
Cinclodes palliatus,-11.663377,-76.24804,2017-09-26,2017,HUMAN_OBSERVATION,
Cinclodes palliatus,-11.560762,-76.27602,2017-09-10,2017,HUMAN_OBSERVATION,
Cinclodes palliatus,-11.585627,-76.36442,2017-09-10,2017,HUMAN_OBSERVATION,
Cinclodes palliatus,-11.585627,-76.36442,2017-09-10,2017,HUMAN_OBSERVATION,
Cinclodes palliatus,-11.565,-76.2753,2017-09-25,2017,HUMAN_OBSERVATION,5.0
Cinclodes palliatus,-11.5636,-76.277,2017-09-25,2017,HUMAN_OBSERVATION,30.0
Cinclodes palliatus,-11.565114,-76.274818,2017-09-25,2017,HUMAN_OBSERVATION,25.0
Cinclodes palliatus,-11.607903,-76.23786,2017-09-18,2017,HUMAN_OBSERVATION,
Cinclodes palliatus,-11.577678,-76.26637,2017-09-10,2017,HUMAN_OBSERVATION,
Cinclodes palliatus,-11.560762,-76.27602,2017-10-28,2017,HUMAN_OBSERVATION,
Cinclodes palliatus,-11.603326,-76.20338,2017-10-01,2017,HUMAN_OBSERVATION,
Cinclodes palliatus,-11.560762,-76.27602,2017-10-28,2017,HUMAN_OBSERVATION,
Cinclodes palliatus,-11.598432,-76.1356,2017-10-02,2017,HUMAN_OBSERVATION,
Cinclodes palliatus,-11.706914,-76.26722,2017-10-03,2017,HUMAN_OBSERVATION,
Cinclodes palliatus,-11.577478,-76.35644,2017-11-08,2017,HUMAN_OBSERVATION,
Cinclodes palliatus,-11.580564,-76.262054,2017-11-12,2017,HUMAN_OBSERVATION,
Cinclodes palliatus,-11.581,-76.2611,2017-11-12,2017,HUMAN_OBSERVATION,
Cinclodes palliatus,-11.577478,-76.35644,2017-11-08,2017,HUMAN_OBSERVATION,
Cinclodes palliatus,-11.580959,-76.261082,2017-11-12,2017,HUMAN_OBSERVATION,25.0
Cinclodes palliatus,-11.600105,-76.199223,2017-11-22,2017,HUMAN_OBSERVATION,25.0
Cinclodes palliatus,-11.571307,-76.259145,2017-11-22,2017,HUMAN_OBSERVATION,25.0
Cinclodes palliatus,-11.571307,-76.259145,2017-11-22,2017,HUMAN_OBSERVATION,25.0
Cinclodes palliatus,-11.42163,-76.34846,2017-11-22,2017,HUMAN_OBSERVATION,
Cinclodes palliatus,-11.608357,-76.237656,2017-12-15,2017,HUMAN_OBSERVATION,
Cinclodes palliatus,-11.598432,-76.1356,2016-02-05,2016,HUMAN_OBSERVATION,
Cinclodes palliatus,-11.598432,-76.1356,2016-02-05,2016,HUMAN_OBSERVATION,
Cinclodes palliatus,-11.598432,-76.1356,2016-02-05,2016,HUMAN_OBSERVATION,
Cinclodes palliatus,-11.580213,-76.26334,2016-03-19,2016,HUMAN_OBSERVATION,
Cinclodes palliatus,-11.42163,-76.34846,2016-03-19,2016,HUMAN_OBSERVATION,
Cinclodes palliatus,-11.597423,-76.19221,2016-03-25,2016,HUMAN_OBSERVATION,
Cinclodes palliatus,-11.42163,-76.34846,2016-03-19,2016,HUMAN_OBSERVATION,
Cinclodes palliatus,-11.573071,-76.25959,2016-04-28,2016,HUMAN_OBSERVATION,
Cinclodes palliatus,-11.554462,-76.31534,2016-04-28,2016,HUMAN_OBSERVATION,
Cinclodes palliatus,-11.601189,-76.198586,2016-04-29,2016,HUMAN_OBSERVATION,
Cinclodes palliatus,-11.5931,-76.1964,2016-04-09,2016,HUMAN_OBSERVATION,
Cinclodes palliatus,-11.60128,-76.19857,2016-04-10,2016,HUMAN_OBSERVATION,
Cinclodes palliatus,-11.60128,-76.19857,2016-04-10,2016,HUMAN_OBSERVATION,
Cinclodes palliatus,-11.60128,-76.19857,2016-04-10,2016,HUMAN_OBSERVATION,
Cinclodes palliatus,-11.603326,-76.20338,2016-05-02,2016,HUMAN_OBSERVATION,
Cinclodes palliatus,-11.603326,-76.20338,2016-05-14,2016,HUMAN_OBSERVATION,
Cinclodes palliatus,-11.598432,-76.1356,2016-05-28,2016,HUMAN_OBSERVATION,
Cinclodes palliatus,-11.585526,-76.26181,2016-05-29,2016,HUMAN_OBSERVATION,
Cinclodes palliatus,-11.603326,-76.20338,2016-05-07,2016,HUMAN_OBSERVATION,
Cinclodes palliatus,-11.603326,-76.20338,2016-05-07,2016,HUMAN_OBSERVATION,
Cinclodes palliatus,-11.603326,-76.20338,2016-05-29,2016,HUMAN_OBSERVATION,
Cinclodes palliatus,-11.577478,-76.35644,2016-06-29,2016,HUMAN_OBSERVATION,
Cinclodes palliatus,-11.560762,-76.27602,2016-06-29,2016,HUMAN_OBSERVATION,
Cinclodes palliatus,-11.560762,-76.27602,2016-06-29,2016,HUMAN_OBSERVATION,
Cinclodes palliatus,-11.560762,-76.27602,2016-06-16,2016,HUMAN_OBSERVATION,
Cinclodes palliatus,-11.577678,-76.26637,2016-06-18,2016,HUMAN_OBSERVATION,
Cinclodes palliatus,-11.577678,-76.26637,2016-06-18,2016,HUMAN_OBSERVATION,
Cinclodes palliatus,-11.577678,-76.26637,2016-06-18,2016,HUMAN_OBSERVATION,
Cinclodes palliatus,-11.42163,-76.34846,2016-07-19,2016,HUMAN_OBSERVATION,
Cinclodes palliatus,-11.42163,-76.34846,2016-07-29,2016,HUMAN_OBSERVATION,
Cinclodes palliatus,-11.603326,-76.20338,2016-07-22,2016,HUMAN_OBSERVATION,
Cinclodes palliatus,-11.42163,-76.34846,2016-07-19,2016,HUMAN_OBSERVATION,
Cinclodes palliatus,-11.804026,-76.69918,2016-07-16T23:26,2016,HUMAN_OBSERVATION,31115.0
Cinclodes palliatus,-11.560762,-76.27602,2016-08-16,2016,HUMAN_OBSERVATION,
Cinclodes palliatus,-11.577478,-76.35644,2016-08-15,2016,HUMAN_OBSERVATION,
Cinclodes palliatus,-11.603326,-76.20338,2016-08-23,2016,HUMAN_OBSERVATION,
Cinclodes palliatus,-11.603326,-76.20338,2016-08-23,2016,HUMAN_OBSERVATION,
Cinclodes palliatus,-11.557192,-76.29188,2016-08-01,2016,HUMAN_OBSERVATION,
Cinclodes palliatus,-11.603326,-76.20338,2016-08-23,2016,HUMAN_OBSERVATION,
Cinclodes palliatus,-11.42163,-76.34846,2016-08-01,2016,HUMAN_OBSERVATION,
Cinclodes palliatus,-11.557522,-76.275816,2016-08-01,2016,HUMAN_OBSERVATION,25.0
Cinclodes palliatus,-11.571804,-76.34458,2016-08-23,2016,HUMAN_OBSERVATION,
Cinclodes palliatus,-11.42163,-76.34846,2016-08-01,2016,HUMAN_OBSERVATION,
Cinclodes palliatus,-11.557443,-76.27582,2016-09-10,2016,HUMAN_OBSERVATION,
Cinclodes palliatus,-11.603326,-76.20338,2016-09-29,2016,HUMAN_OBSERVATION,
Cinclodes palliatus,-11.603326,-76.20338,2016-09-20,2016,HUMAN_OBSERVATION,
Cinclodes palliatus,-11.56,-76.277,2016-09-08,2016,HUMAN_OBSERVATION,5.0
Cinclodes palliatus,-11.571804,-76.34458,2016-09-03,2016,HUMAN_OBSERVATION,
Cinclodes palliatus,-11.559522,-76.275515,2016-11-11,2016,HUMAN_OBSERVATION,10.0
Cinclodes palliatus,-11.603326,-76.20338,2016-12-24,2016,HUMAN_OBSERVATION,
Cinclodes palliatus,-11.560762,-76.27602,2015-01-19,2015,HUMAN_OBSERVATION,
Cinclodes palliatus,-11.603326,-76.20338,2015-01-04,2015,HUMAN_OBSERVATION,
Cinclodes palliatus,-11.603326,-76.20338,2015-01-04,2015,HUMAN_OBSERVATION,
Cinclodes palliatus,-11.603326,-76.20338,2015-01-04,2015,HUMAN_OBSERVATION,
Cinclodes palliatus,-11.560762,-76.27602,2015-02-06,2015,HUMAN_OBSERVATION,
Cinclodes palliatus,-11.577478,-76.35644,2015-02-14,2015,HUMAN_OBSERVATION,
Cinclodes palliatus,-11.560762,-76.27602,2015-02-24,2015,HUMAN_OBSERVATION,
Cinclodes palliatus,-11.560762,-76.27602,2015-02-24,2015,HUMAN_OBSERVATION,
Cinclodes palliatus,-11.601662,-76.199005,2015-03-22,2015,HUMAN_OBSERVATION,
Cinclodes palliatus,-11.681732,-76.027837,2015-03-22T06:38,2015,HUMAN_OBSERVATION,31126.0
Cinclodes palliatus,-12.169845,-75.63094,2015-05-09,2015,HUMAN_OBSERVATION,
Cinclodes palliatus,-11.603326,-76.20338,2015-05-15,2015,HUMAN_OBSERVATION,
Cinclodes palliatus,-11.577478,-76.35644,2015-06-03,2015,HUMAN_OBSERVATION,
Cinclodes palliatus,-11.577478,-76.35644,2015-06-03,2015,HUMAN_OBSERVATION,
Cinclodes palliatus,-11.42163,-76.34846,2015-06-03,2015,HUMAN_OBSERVATION,
Cinclodes palliatus,-11.527135,-76.130211,2015-06-23,2015,HUMAN_OBSERVATION,1000.0
Cinclodes palliatus,-11.603326,-76.20338,2015-07-15,2015,HUMAN_OBSERVATION,
Cinclodes palliatus,-11.603326,-76.20338,2015-07-22,2015,HUMAN_OBSERVATION,
Cinclodes palliatus,-11.42163,-76.34846,2015-07-25,2015,HUMAN_OBSERVATION,
Cinclodes palliatus,-11.603326,-76.20338,2015-07-15,2015,HUMAN_OBSERVATION,
Cinclodes palliatus,-11.6008,-76.2011,2015-07-15,2015,HUMAN_OBSERVATION,
Cinclodes palliatus,-11.6008,-76.2011,2015-07-15,2015,HUMAN_OBSERVATION,
Cinclodes palliatus,-11.6008,-76.2011,2015-07-15,2015,HUMAN_OBSERVATION,
Cinclodes palliatus,-11.6008,-76.2011,2015-07-15,2015,HUMAN_OBSERVATION,
Cinclodes palliatus,-11.601123,-76.200428,2015-07-28,2015,HUMAN_OBSERVATION,100.0
Cinclodes palliatus,-11.603326,-76.20338,2015-07-28,2015,HUMAN_OBSERVATION,
Cinclodes palliatus,-11.601123,-76.200424,2015-07-28,2015,HUMAN_OBSERVATION,
Cinclodes palliatus,-11.607,-76.199,2015-08-02,2015,HUMAN_OBSERVATION,
Cinclodes palliatus,-11.603326,-76.20338,2015-08-31,2015,HUMAN_OBSERVATION,
Cinclodes palliatus,-11.607,-76.199,2015-08-02,2015,HUMAN_OBSERVATION,
Cinclodes palliatus,-11.564142,-76.271057,2015-08-02T00:00,2015,HUMAN_OBSERVATION,250.0
Cinclodes palliatus,-11.145056,-76.075363,2015-08-05T00:00,2015,HUMAN_OBSERVATION,250.0
Cinclodes palliatus,-11.598432,-76.1356,2015-08-29,2015,HUMAN_OBSERVATION,
Cinclodes palliatus,-11.570517,-76.35009,2015-08-18,2015,HUMAN_OBSERVATION,
Cinclodes palliatus,-11.601091,-76.199062,2015-09-12,2015,HUMAN_OBSERVATION,10.0
Cinclodes palliatus,-11.58122,-76.26257,2015-10-13,2015,HUMAN_OBSERVATION,
Cinclodes palliatus,-11.603326,-76.20338,2015-11-02,2015,HUMAN_OBSERVATION,
Cinclodes palliatus,-11.42163,-76.34846,2014-01-27,2014,HUMAN_OBSERVATION,
Cinclodes palliatus,-10.628661,-76.6935,2014-03-07,2014,HUMAN_OBSERVATION,
Cinclodes palliatus,-11.573947,-76.350346,2014-04-29,2014,HUMAN_OBSERVATION,375.0
Cinclodes palliatus,-11.603326,-76.20338,2014-05-22,2014,HUMAN_OBSERVATION,
Cinclodes palliatus,-11.618302,-76.23536,2014-05-24,2014,HUMAN_OBSERVATION,
Cinclodes palliatus,-11.603326,-76.20338,2014-05-29,2014,HUMAN_OBSERVATION,
Cinclodes palliatus,-11.603326,-76.20338,2014-05-24,2014,HUMAN_OBSERVATION,
Cinclodes palliatus,-11.603326,-76.20338,2014-05-22,2014,HUMAN_OBSERVATION,
Cinclodes palliatus,-11.539866,-76.214209,2014-05-24T13:19,2014,HUMAN_OBSERVATION,31137.0
Cinclodes palliatus,-10.299348,-77.00489,2014-06-26,2014,HUMAN_OBSERVATION,
Cinclodes palliatus,-10.126064,-77.28522,2014-07-02,2014,HUMAN_OBSERVATION,
Cinclodes palliatus,-11.603326,-76.20338,2014-07-28,2014,HUMAN_OBSERVATION,
Cinclodes palliatus,-11.603326,-76.20338,2014-07-28,2014,HUMAN_OBSERVATION,
Cinclodes palliatus,-11.461819,-76.33996,2014-08-08,2014,HUMAN_OBSERVATION,25.0
Cinclodes palliatus,-11.42163,-76.34846,2014-09-18,2014,HUMAN_OBSERVATION,
Cinclodes palliatus,-11.567094,-76.27238,2014-10-04,2014,HUMAN_OBSERVATION,
Cinclodes palliatus,-11.567094,-76.27238,2014-10-04,2014,HUMAN_OBSERVATION,
Cinclodes palliatus,-11.560762,-76.27602,2014-10-04,2014,HUMAN_OBSERVATION,
Cinclodes palliatus,-11.560762,-76.27602,2014-10-04,2014,HUMAN_OBSERVATION,
Cinclodes palliatus,-11.42163,-76.34846,2014-10-04,2014,HUMAN_OBSERVATION,
Cinclodes palliatus,-11.42163,-76.34846,2014-10-04,2014,HUMAN_OBSERVATION,
Cinclodes palliatus,-11.047774,-76.08552,2014-11-22,2014,HUMAN_OBSERVATION,
Cinclodes palliatus,-11.577678,-76.26637,2014-11-12,2014,HUMAN_OBSERVATION,
Cinclodes palliatus,-11.403358,-76.139909,2014-11-22,2014,HUMAN_OBSERVATION,31137.0
Cinclodes palliatus,-11.42163,-76.34846,2014-11-22,2014,HUMAN_OBSERVATION,
Cinclodes palliatus,-11.031981,-76.11846,2014-11-24,2014,HUMAN_OBSERVATION,
Cinclodes palliatus,-11.42163,-76.34846,2014-12-02,2014,HUMAN_OBSERVATION,
Cinclodes palliatus,-9.441611,-77.45052,2013-02-21,2013,HUMAN_OBSERVATION,
Cinclodes palliatus,-11.408977,-76.24528,2013-06-29,2013,HUMAN_OBSERVATION,
Cinclodes palliatus,-11.560762,-76.27602,2013-06-02,2013,HUMAN_OBSERVATION,
Cinclodes palliatus,-11.408977,-76.24528,2013-06-29,2013,HUMAN_OBSERVATION,
Cinclodes palliatus,-11.408977,-76.24528,2013-06-29,2013,HUMAN_OBSERVATION,
Cinclodes palliatus,-11.560762,-76.27602,2013-06-26,2013,HUMAN_OBSERVATION,
Cinclodes palliatus,-11.603326,-76.20338,2013-06-26,2013,HUMAN_OBSERVATION,
Cinclodes palliatus,-11.42163,-76.34846,2013-06-08,2013,HUMAN_OBSERVATION,
Cinclodes palliatus,-11.560762,-76.27602,2013-07-05,2013,HUMAN_OBSERVATION,
Cinclodes palliatus,-11.622549,-76.236565,2013-07-06,2013,HUMAN_OBSERVATION,
Cinclodes palliatus,-11.603326,-76.20338,2013-07-04,2013,HUMAN_OBSERVATION,
Cinclodes palliatus,-11.603326,-76.20338,2013-07-10,2013,HUMAN_OBSERVATION,
Cinclodes palliatus,-12.177252,-75.636536,2013-07-10,2013,HUMAN_OBSERVATION,
Cinclodes palliatus,-11.603326,-76.20338,2013-07-09,2013,HUMAN_OBSERVATION,
Cinclodes palliatus,-11.603326,-76.20338,2013-07-09,2013,HUMAN_OBSERVATION,
Cinclodes palliatus,-12.177252,-75.636536,2013-07-10,2013,HUMAN_OBSERVATION,
Cinclodes palliatus,-11.622549,-76.236565,2013-07-06,2013,HUMAN_OBSERVATION,
Cinclodes palliatus,-11.622549,-76.236565,2013-07-06,2013,HUMAN_OBSERVATION,
Cinclodes palliatus,-11.904979,-76.2343,2013-07-01,2013,HUMAN_OBSERVATION,
Cinclodes palliatus,-11.5931,-76.1964,2013-07-01,2013,HUMAN_OBSERVATION,
Cinclodes palliatus,-11.5931,-76.1964,2013-07-03,2013,HUMAN_OBSERVATION,
Cinclodes palliatus,-11.5931,-76.1964,2013-07-10,2013,HUMAN_OBSERVATION,
Cinclodes palliatus,-12.177252,-75.636536,2013-07-10,2013,HUMAN_OBSERVATION,
Cinclodes palliatus,-11.603326,-76.20338,2013-07-10,2013,HUMAN_OBSERVATION,
Cinclodes palliatus,-11.603326,-76.20338,2013-07-09,2013,HUMAN_OBSERVATION,
Cinclodes palliatus,-11.549715,-76.27494,2013-07-22,2013,HUMAN_OBSERVATION,
Cinclodes palliatus,-11.549715,-76.27494,2013-07-22,2013,HUMAN_OBSERVATION,
Cinclodes palliatus,-11.549715,-76.27494,2013-07-22,2013,HUMAN_OBSERVATION,
Cinclodes palliatus,-11.603326,-76.20338,2013-08-09,2013,HUMAN_OBSERVATION,
Cinclodes palliatus,-11.42163,-76.34846,2013-08-05,2013,HUMAN_OBSERVATION,
Cinclodes palliatus,-11.603326,-76.20338,2013-09-10,2013,HUMAN_OBSERVATION,
Cinclodes palliatus,-11.607176,-76.203688,2013-09-23,2013,HUMAN_OBSERVATION,100.0
Cinclodes palliatus,-11.607176,-76.203688,2013-09-23,2013,HUMAN_OBSERVATION,100.0
Cinclodes palliatus,-11.560762,-76.27602,2013-10-21,2013,HUMAN_OBSERVATION,
Cinclodes palliatus,-11.603326,-76.20338,2013-10-21,2013,HUMAN_OBSERVATION,
Cinclodes palliatus,-11.603326,-76.20338,2013-10-31,2013,HUMAN_OBSERVATION,
Cinclodes palliatus,-11.560762,-76.27602,2013-11-11,2013,HUMAN_OBSERVATION,
Cinclodes palliatus,-11.603326,-76.20338,2013-11-11,2013,HUMAN_OBSERVATION,
Cinclodes palliatus,-9.074484,-77.644844,2013-11-23,2013,HUMAN_OBSERVATION,
Cinclodes palliatus,-11.403196,-76.34703,2013-11-10,2013,HUMAN_OBSERVATION,
Cinclodes palliatus,-11.576738,-76.25954,2013-12-31,2013,HUMAN_OBSERVATION,
Cinclodes palliatus,-11.603326,-76.20338,2013-12-13,2013,HUMAN_OBSERVATION,
Cinclodes palliatus,-11.42163,-76.34846,2013-12-12,2013,HUMAN_OBSERVATION,
Cinclodes palliatus,-11.42163,-76.34846,2013-12-15,2013,HUMAN_OBSERVATION,
Cinclodes palliatus,-11.576738,-76.25954,2013-12-31,2013,HUMAN_OBSERVATION,
Cinclodes palliatus,-11.42163,-76.34846,2013-12-21,2013,HUMAN_OBSERVATION,
Cinclodes palliatus,-11.409319,-76.332522,2013-12-11T11:46,2013,HUMAN_OBSERVATION,31137.0
Cinclodes palliatus,-11.603326,-76.20338,2012-01-01,2012,HUMAN_OBSERVATION,
Cinclodes palliatus,-11.570517,-76.35009,2012-04-13,2012,HUMAN_OBSERVATION,
Cinclodes palliatus,-11.570517,-76.35009,2012-04-13,2012,HUMAN_OBSERVATION,
Cinclodes palliatus,-11.5931,-76.1964,2012-06-15,2012,HUMAN_OBSERVATION,
Cinclodes palliatus,-11.591167,-76.193684,2012-06-17,2012,HUMAN_OBSERVATION,10.0
Cinclodes palliatus,-11.603326,-76.20338,2012-06-23,2012,HUMAN_OBSERVATION,
Cinclodes palliatus,-11.42163,-76.34846,2012-07-10,2012,HUMAN_OBSERVATION,
Cinclodes palliatus,-11.42163,-76.34846,2012-08-14,2012,HUMAN_OBSERVATION,
Cinclodes palliatus,-11.560762,-76.27602,2012-08-25,2012,HUMAN_OBSERVATION,
Cinclodes palliatus,-11.599174,-76.193876,2012-08-11,2012,HUMAN_OBSERVATION,47.0
Cinclodes palliatus,-11.601804,-76.198456,2012-09-05,2012,HUMAN_OBSERVATION,10.0
Cinclodes palliatus,-11.6227,-76.1824,2012-09-21,2012,HUMAN_OBSERVATION,
Cinclodes palliatus,-11.603326,-76.20338,2012-10-21,2012,HUMAN_OBSERVATION,
Cinclodes palliatus,-11.42163,-76.34846,2012-11-01,2012,HUMAN_OBSERVATION,
Cinclodes palliatus,-11.5931,-76.1964,2012-11-11,2012,HUMAN_OBSERVATION,
Cinclodes palliatus,-11.42163,-76.34846,2012-11-01,2012,HUMAN_OBSERVATION,
Cinclodes palliatus,-11.5931,-76.1964,2012-11-11,2012,HUMAN_OBSERVATION,
Cinclodes palliatus,-11.603326,-76.20338,2011-01-12,2011,HUMAN_OBSERVATION,
Cinclodes palliatus,-11.408014,-76.35807,2011-02-28,2011,HUMAN_OBSERVATION,
Cinclodes palliatus,-11.42163,-76.34846,2011-03-16,2011,HUMAN_OBSERVATION,
Cinclodes palliatus,-11.5334,-76.2834,2011-03-16,2011,HUMAN_OBSERVATION,
Cinclodes palliatus,-11.5334,-76.2834,2011-03-16,2011,HUMAN_OBSERVATION,
Cinclodes palliatus,-11.5597,-76.27524,2011-06-29,2011,HUMAN_OBSERVATION,
Cinclodes palliatus,-11.603326,-76.20338,2011-06-13,2011,HUMAN_OBSERVATION,
Cinclodes palliatus,-11.42163,-76.34846,2011-07-12,2011,HUMAN_OBSERVATION,
Cinclodes palliatus,-11.64114,-76.13098,2011-07-23,2011,HUMAN_OBSERVATION,
Cinclodes palliatus,-11.603566,-76.196365,2011-07-07,2011,HUMAN_OBSERVATION,
Cinclodes palliatus,-11.403196,-76.34703,2011-07-14,2011,HUMAN_OBSERVATION,
Cinclodes palliatus,-11.640833,-76.13111,2011-07-25,2011,HUMAN_OBSERVATION,
Cinclodes palliatus,-11.577678,-76.26637,2011-09-03,2011,HUMAN_OBSERVATION,
Cinclodes palliatus,-11.502308,-76.255119,2011-09-03T10:09,2011,HUMAN_OBSERVATION,31137.0
Cinclodes palliatus,-11.549458,-76.272934,2011-10-23,2011,HUMAN_OBSERVATION,
Cinclodes palliatus,-11.595705,-76.1381,2011-10-05,2011,HUMAN_OBSERVATION,
Cinclodes palliatus,-11.421,-76.3402,2011-10-18,2011,HUMAN_OBSERVATION,
Cinclodes palliatus,-11.421,-76.3402,2011-10-21,2011,HUMAN_OBSERVATION,
Cinclodes palliatus,-11.557491,-76.275795,2011-10-16,2011,HUMAN_OBSERVATION,
Cinclodes palliatus,-11.557491,-76.275795,2011-10-16,2011,HUMAN_OBSERVATION,
Cinclodes palliatus,-11.603326,-76.20338,2011-11-02,2011,HUMAN_OBSERVATION,
Cinclodes palliatus,-11.541925,-76.278076,2011-11-03,2011,HUMAN_OBSERVATION,
Cinclodes palliatus,-11.603326,-76.20338,2011-11-12,2011,HUMAN_OBSERVATION,
Cinclodes palliatus,-11.603614,-76.20086,2011-11-06,2011,HUMAN_OBSERVATION,
Cinclodes palliatus,-11.603614,-76.20086,2011-11-06,2011,HUMAN_OBSERVATION,
Cinclodes palliatus,-11.603614,-76.20086,2011-11-06,2011,HUMAN_OBSERVATION,
Cinclodes palliatus,-11.577678,-76.26637,2011-11-01,2011,HUMAN_OBSERVATION,
Cinclodes palliatus,-11.577678,-76.26637,2011-11-01,2011,HUMAN_OBSERVATION,
Cinclodes palliatus,-11.603326,-76.20338,2011-11-02,2011,HUMAN_OBSERVATION,
Cinclodes palliatus,-11.603326,-76.20338,2011-11-12,2011,HUMAN_OBSERVATION,
Cinclodes palliatus,-11.541925,-76.278076,2011-11-03,2011,HUMAN_OBSERVATION,
Cinclodes palliatus,-11.603326,-76.20338,2011-11-15,2011,HUMAN_OBSERVATION,
Cinclodes palliatus,-11.607459,-76.20221,2011-11-12,2011,HUMAN_OBSERVATION,
Cinclodes palliatus,-11.607459,-76.20221,2011-11-02,2011,HUMAN_OBSERVATION,
Cinclodes palliatus,-11.603326,-76.20338,2011-12-30,2011,HUMAN_OBSERVATION,
Cinclodes palliatus,-11.433717,-74.7702,2010-01-26,2010,HUMAN_OBSERVATION,
Cinclodes palliatus,-11.580421,-76.357155,2010-02-10,2010,HUMAN_OBSERVATION,
Cinclodes palliatus,-11.600432,-76.1991,2010-02-22,2010,HUMAN_OBSERVATION,
Cinclodes palliatus,-11.600432,-76.1991,2010-02-23,2010,HUMAN_OBSERVATION,
Cinclodes palliatus,-11.600432,-76.1991,2010-02-23,2010,HUMAN_OBSERVATION,
Cinclodes palliatus,-11.59906,-76.20417,2010-02-22,2010,HUMAN_OBSERVATION,
Cinclodes palliatus,-12.17175,-75.62593,2010-02-15,2010,HUMAN_OBSERVATION,
Cinclodes palliatus,-11.59906,-76.20417,2010-02-22,2010,HUMAN_OBSERVATION,
Cinclodes palliatus,-11.600432,-76.1991,2010-02-22,2010,HUMAN_OBSERVATION,
Cinclodes palliatus,-11.603326,-76.20338,2010-03-09,2010,HUMAN_OBSERVATION,
Cinclodes palliatus,-11.603326,-76.20338,2010-04-14,2010,HUMAN_OBSERVATION,
Cinclodes palliatus,-11.603326,-76.20338,2010-04-10,2010,HUMAN_OBSERVATION,
Cinclodes palliatus,-11.603326,-76.20338,2010-04-14,2010,HUMAN_OBSERVATION,
Cinclodes palliatus,-11.603326,-76.20338,2010-04-10,2010,HUMAN_OBSERVATION,
Cinclodes palliatus,-11.58195,-76.26185,2010-05-29,2010,HUMAN_OBSERVATION,
Cinclodes palliatus,-11.603326,-76.20338,2010-05-05,2010,HUMAN_OBSERVATION,
Cinclodes palliatus,-11.58195,-76.26185,2010-05-29,2010,HUMAN_OBSERVATION,
Cinclodes palliatus,-11.553752,-76.28705,2010-05-18,2010,HUMAN_OBSERVATION,
Cinclodes palliatus,-11.553752,-76.28705,2010-05-18,2010,HUMAN_OBSERVATION,
Cinclodes palliatus,-11.603326,-76.20338,2010-05-05,2010,HUMAN_OBSERVATION,
Cinclodes palliatus,-11.603326,-76.20338,2010-05-05,2010,HUMAN_OBSERVATION,
Cinclodes palliatus,-11.598432,-76.1356,2010-05-05,2010,HUMAN_OBSERVATION,
Cinclodes palliatus,-11.676445,-76.26434,2010-05-29,2010,HUMAN_OBSERVATION,
Cinclodes palliatus,-11.676445,-76.26434,2010-05-29,2010,HUMAN_OBSERVATION,
Cinclodes palliatus,-11.574889,-76.35078,2010-05-28,2010,HUMAN_OBSERVATION,
Cinclodes palliatus,-11.603326,-76.20338,2010-05-28,2010,HUMAN_OBSERVATION,
Cinclodes palliatus,-11.55577,-76.300606,2010-05-05,2010,HUMAN_OBSERVATION,
Cinclodes palliatus,-11.42163,-76.34846,2010-06-27,2010,HUMAN_OBSERVATION,
Cinclodes palliatus,-11.603326,-76.20338,2010-07-27,2010,HUMAN_OBSERVATION,
Cinclodes palliatus,-11.42163,-76.34846,2010-08-08,2010,HUMAN_OBSERVATION,
Cinclodes palliatus,-11.42163,-76.34846,2010-08-08,2010,HUMAN_OBSERVATION,
Cinclodes palliatus,-11.560762,-76.27602,2010-08-28,2010,HUMAN_OBSERVATION,
Cinclodes palliatus,-11.603326,-76.20338,2010-08-12,2010,HUMAN_OBSERVATION,
Cinclodes palliatus,-11.603326,-76.20338,2010-08-12,2010,HUMAN_OBSERVATION,
Cinclodes palliatus,-11.42163,-76.34846,2010-09-24,2010,HUMAN_OBSERVATION,
Cinclodes palliatus,-11.603326,-76.20338,2010-09-30,2010,HUMAN_OBSERVATION,
Cinclodes palliatus,-11.395065,-76.415184,2010-09-18,2010,HUMAN_OBSERVATION,
Cinclodes palliatus,-11.603326,-76.20338,2010-09-09,2010,HUMAN_OBSERVATION,
Cinclodes palliatus,-11.603326,-76.20338,2010-10-03,2010,HUMAN_OBSERVATION,
Cinclodes palliatus,-11.577478,-76.35644,2010-10-03,2010,HUMAN_OBSERVATION,
Cinclodes palliatus,-11.603326,-76.20338,2010-11-25,2010,HUMAN_OBSERVATION,
Cinclodes palliatus,-11.577478,-76.35644,2010-11-25,2010,HUMAN_OBSERVATION,
Cinclodes palliatus,-11.599444,-76.19821,2009-01-08,2009,HUMAN_OBSERVATION,
Cinclodes palliatus,-11.601399,-76.19817,2009-01-16,2009,HUMAN_OBSERVATION,
Cinclodes palliatus,-11.42163,-76.34846,2009-04-20,2009,HUMAN_OBSERVATION,
Cinclodes palliatus,-11.42163,-76.34846,2009-04-20,2009,HUMAN_OBSERVATION,
Cinclodes palliatus,-11.541925,-76.278076,2009-04-08,2009,HUMAN_OBSERVATION,
Cinclodes palliatus,-11.568499,-76.34692,2009-05-18,2009,HUMAN_OBSERVATION,
Cinclodes palliatus,-11.603326,-76.20338,2009-05-14,2009,HUMAN_OBSERVATION,
Cinclodes palliatus,-11.560762,-76.27602,2009-06-11,2009,HUMAN_OBSERVATION,
Cinclodes palliatus,-11.560762,-76.27602,2009-06-11,2009,HUMAN_OBSERVATION,
Cinclodes palliatus,-11.42163,-76.34846,2009-08-24,2009,HUMAN_OBSERVATION,
Cinclodes palliatus,-11.416596,-76.298847,2009-09-06,2009,HUMAN_OBSERVATION,
Cinclodes palliatus,-11.416596,-76.298847,2009-09-06,2009,HUMAN_OBSERVATION,
Cinclodes palliatus,-12.110917,-75.84471,2009-10-06,2009,HUMAN_OBSERVATION,
Cinclodes palliatus,-11.42163,-76.34846,2009-11-28,2009,HUMAN_OBSERVATION,
Cinclodes palliatus,-11.602468,-76.15929,2009-11-30,2009,HUMAN_OBSERVATION,
Cinclodes palliatus,-11.602468,-76.15929,2009-11-30,2009,HUMAN_OBSERVATION,
Cinclodes palliatus,-11.42163,-76.34846,2009-11-28,2009,HUMAN_OBSERVATION,
Cinclodes palliatus,-11.602468,-76.15929,2009-11-30,2009,HUMAN_OBSERVATION,
Cinclodes palliatus,-11.5334,-76.2834,2009-11-28,2009,HUMAN_OBSERVATION,
Cinclodes palliatus,-11.5334,-76.2834,2009-11-28,2009,HUMAN_OBSERVATION,
Cinclodes palliatus,-11.5334,-76.2834,2009-11-28,2009,HUMAN_OBSERVATION,
Cinclodes palliatus,-11.6018,-76.1984,2009-11-23,2009,HUMAN_OBSERVATION,
Cinclodes palliatus,-11.6018,-76.1984,2009-11-23,2009,HUMAN_OBSERVATION,1000.0
Cinclodes palliatus,-11.603326,-76.20338,2009-11-26,2009,HUMAN_OBSERVATION,
Cinclodes palliatus,-11.603326,-76.20338,2009-12-04,2009,HUMAN_OBSERVATION,
Cinclodes palliatus,-11.5715,-76.2781,2008-02-16,2008,HUMAN_OBSERVATION,
Cinclodes palliatus,-11.413341,-76.33012,2008-03-23,2008,HUMAN_OBSERVATION,
Cinclodes palliatus,-11.519555,-76.28383,2008-06-30,2008,HUMAN_OBSERVATION,
Cinclodes palliatus,-11.603326,-76.20338,2008-06-30,2008,HUMAN_OBSERVATION,
Cinclodes palliatus,-11.598432,-76.1356,2008-06-14,2008,HUMAN_OBSERVATION,
Cinclodes palliatus,-11.598432,-76.1356,2008-06-14,2008,HUMAN_OBSERVATION,
Cinclodes palliatus,-11.603326,-76.20338,2008-07-08,2008,HUMAN_OBSERVATION,
Cinclodes palliatus,-11.603326,-76.20338,2008-07-18,2008,HUMAN_OBSERVATION,
Cinclodes palliatus,-11.560762,-76.27602,2008-07-18,2008,HUMAN_OBSERVATION,
Cinclodes palliatus,-11.603326,-76.20338,2008-08-24,2008,HUMAN_OBSERVATION,
Cinclodes palliatus,-11.5931,-76.1964,2008-08-01,2008,HUMAN_OBSERVATION,
Cinclodes palliatus,-11.6,-76.192,2008-08-01,2008,HUMAN_OBSERVATION,
Cinclodes palliatus,-11.68048,-76.670151,2008-08-20,2008,HUMAN_OBSERVATION,
Cinclodes palliatus,-11.42163,-76.34846,2008-08-09,2008,HUMAN_OBSERVATION,
Cinclodes palliatus,-11.603326,-76.20338,2007-01-21,2007,HUMAN_OBSERVATION,
Cinclodes palliatus,-11.601478,-76.19874,2007-02-20,2007,HUMAN_OBSERVATION,
Cinclodes palliatus,-11.629707,-76.2325,2007-04-17,2007,HUMAN_OBSERVATION,
Cinclodes palliatus,-11.42163,-76.34846,2007-05-26,2007,HUMAN_OBSERVATION,
Cinclodes palliatus,-11.598432,-76.1356,2007-06-12,2007,HUMAN_OBSERVATION,
Cinclodes palliatus,-11.598432,-76.1356,2007-06-22,2007,HUMAN_OBSERVATION,
Cinclodes palliatus,-11.42163,-76.34846,2007-06-12,2007,HUMAN_OBSERVATION,
Cinclodes palliatus,-11.577243,-76.35307,2007-07-07,2007,HUMAN_OBSERVATION,
Cinclodes palliatus,-12.213782,-75.63566,2007-07-06,2007,HUMAN_OBSERVATION,
Cinclodes palliatus,-11.603326,-76.20338,2007-07-07,2007,HUMAN_OBSERVATION,
Cinclodes palliatus,-11.603326,-76.20338,2007-07-07,2007,HUMAN_OBSERVATION,
Cinclodes palliatus,-11.577243,-76.35307,2007-07-07,2007,HUMAN_OBSERVATION,
Cinclodes palliatus,-11.59675,-76.18332,2007-08-09,2007,HUMAN_OBSERVATION,
Cinclodes palliatus,-11.59675,-76.18332,2007-08-09,2007,HUMAN_OBSERVATION,
Cinclodes palliatus,-11.603326,-76.20338,2007-09-18,2007,HUMAN_OBSERVATION,
Cinclodes palliatus,-11.603326,-76.20338,2007-09-17,2007,HUMAN_OBSERVATION,
Cinclodes palliatus,-11.595321,-76.36584,2006-03-05,2006,HUMAN_OBSERVATION,
Cinclodes palliatus,-11.595321,-76.36584,2006-03-05,2006,HUMAN_OBSERVATION,
Cinclodes palliatus,-11.603326,-76.20338,2006-03-29,2006,HUMAN_OBSERVATION,
Cinclodes palliatus,-11.612468,-76.21014,2006-05-24,2006,HUMAN_OBSERVATION,
Cinclodes palliatus,-11.603326,-76.20338,2006-07-08,2006,HUMAN_OBSERVATION,
Cinclodes palliatus,-11.603326,-76.20338,2006-07-08,2006,HUMAN_OBSERVATION,
Cinclodes palliatus,-11.42163,-76.34846,2006-07-16,2006,HUMAN_OBSERVATION,
Cinclodes palliatus,-11.577678,-76.26637,2006-08-12,2006,HUMAN_OBSERVATION,
Cinclodes palliatus,-11.42163,-76.34846,2006-08-12,2006,HUMAN_OBSERVATION,
Cinclodes palliatus,-11.603326,-76.20338,2006-10-11,2006,HUMAN_OBSERVATION,
Cinclodes palliatus,-11.597072,-76.18785,2006-11-15,2006,HUMAN_OBSERVATION,
Cinclodes palliatus,-11.603326,-76.20338,2006-12-09,2006,HUMAN_OBSERVATION,
Cinclodes palliatus,-11.603326,-76.20338,2006-12-09,2006,HUMAN_OBSERVATION,
Cinclodes palliatus,-11.42163,-76.34846,2006-12-09,2006,HUMAN_OBSERVATION,
Cinclodes palliatus,-11.603326,-76.20338,2005-01-01,2005,HUMAN_OBSERVATION,
Cinclodes palliatus,-11.598432,-76.1356,2005-03-20,2005,HUMAN_OBSERVATION,
Cinclodes palliatus,-11.42163,-76.34846,2005-06-20,2005,HUMAN_OBSERVATION,
Cinclodes palliatus,-11.603326,-76.20338,2005-06-18,2005,HUMAN_OBSERVATION,
Cinclodes palliatus,-11.42163,-76.34846,2005-07-04,2005,HUMAN_OBSERVATION,
Cinclodes palliatus,-11.759479,-76.30073,2005-08-16,2005,HUMAN_OBSERVATION,
Cinclodes palliatus,-11.42163,-76.34846,2005-09-07,2005,HUMAN_OBSERVATION,
Cinclodes palliatus,-11.583633,-76.33026,2005-09-07,2005,HUMAN_OBSERVATION,
Cinclodes palliatus,-11.540034,-76.278854,2005-10-18,2005,HUMAN_OBSERVATION,
Cinclodes palliatus,-11.42163,-76.34846,2005-11-16,2005,HUMAN_OBSERVATION,
Cinclodes palliatus,-11.583633,-76.33026,2005-11-04,2005,HUMAN_OBSERVATION,
Cinclodes palliatus,-11.402923,-76.32648,2005-11-16,2005,HUMAN_OBSERVATION,
Cinclodes palliatus,-11.016688,-76.09131,2004-03-29,2004,HUMAN_OBSERVATION,
Cinclodes palliatus,-11.601115,-76.198456,2004-05-04,2004,HUMAN_OBSERVATION,
Cinclodes palliatus,-11.601478,-76.19874,2004-05-05,2004,HUMAN_OBSERVATION,
Cinclodes palliatus,-11.603326,-76.20338,2004-07-24,2004,HUMAN_OBSERVATION,
Cinclodes palliatus,-11.603326,-76.20338,2004-09-29,2004,HUMAN_OBSERVATION,
Cinclodes palliatus,-11.603326,-76.20338,2004-10-05,2004,HUMAN_OBSERVATION,
Cinclodes palliatus,-11.42163,-76.34846,2004-11-15,2004,HUMAN_OBSERVATION,
Cinclodes palliatus,-11.5931,-76.1964,2004-12-02,2004,HUMAN_OBSERVATION,
Cinclodes palliatus,-11.603326,-76.20338,2004-12-02,2004,HUMAN_OBSERVATION,
Cinclodes palliatus,-11.5931,-76.1964,2003-05-26,2003,HUMAN_OBSERVATION,
Cinclodes palliatus,-11.560762,-76.27602,2003-06-05,2003,HUMAN_OBSERVATION,
Cinclodes palliatus,-11.601115,-76.198456,2003-06-05,2003,HUMAN_OBSERVATION,
Cinclodes palliatus,-12.276155,-75.78078,2003-06-17,2003,HUMAN_OBSERVATION,
Cinclodes palliatus,-11.42163,-76.34846,2003-06-10,2003,HUMAN_OBSERVATION,
Cinclodes palliatus,-11.42163,-76.34846,2003-09-30,2003,HUMAN_OBSERVATION,
Cinclodes palliatus,-11.42163,-76.34846,2003-09-30,2003,HUMAN_OBSERVATION,
Cinclodes palliatus,-11.42163,-76.34846,2003-09-30,2003,HUMAN_OBSERVATION,
Cinclodes palliatus,-11.603326,-76.20338,2003-09-19,2003,HUMAN_OBSERVATION,
Cinclodes palliatus,-11.603326,-76.20338,2003-11-26,2003,HUMAN_OBSERVATION,
Cinclodes palliatus,-11.42163,-76.34846,2003-11-21,2003,HUMAN_OBSERVATION,
Cinclodes palliatus,-11.6,-76.2,2002-03-31,2002,HUMAN_OBSERVATION,
Cinclodes palliatus,-11.597423,-76.19221,2002-03-31,2002,HUMAN_OBSERVATION,
Cinclodes palliatus,-11.516915,-74.93538,2002-06-04,2002,HUMAN_OBSERVATION,
Cinclodes palliatus,-11.560762,-76.27602,2002-09-07,2002,HUMAN_OBSERVATION,
Cinclodes palliatus,-11.42163,-76.34846,2002-09-10,2002,HUMAN_OBSERVATION,
Cinclodes palliatus,-11.577478,-76.35644,2002-10-18,2002,HUMAN_OBSERVATION,
Cinclodes palliatus,-11.42163,-76.34846,2002-10-18,2002,HUMAN_OBSERVATION,
Cinclodes palliatus,-11.577478,-76.35644,2002-10-18,2002,HUMAN_OBSERVATION,
Cinclodes palliatus,-11.577478,-76.35644,2002-10-18,2002,HUMAN_OBSERVATION,
Cinclodes palliatus,-11.577678,-76.26637,2002-11-13,2002,HUMAN_OBSERVATION,
Cinclodes palliatus,-11.404773,-76.329994,2002-11-28,2002,HUMAN_OBSERVATION,
Cinclodes palliatus,-11.42163,-76.34846,2002-12-20,2002,HUMAN_OBSERVATION,
Cinclodes palliatus,-11.403196,-76.34703,2001-05-31,2001,HUMAN_OBSERVATION,
Cinclodes palliatus,-11.42163,-76.34846,2001-06-01,2001,HUMAN_OBSERVATION,
Cinclodes palliatus,-11.42163,-76.34846,2001-09-29,2001,HUMAN_OBSERVATION,
Cinclodes palliatus,-11.577478,-76.35644,2001-12-19,2001,HUMAN_OBSERVATION,
Cinclodes palliatus,-11.577478,-76.35644,2001-12-19,2001,HUMAN_OBSERVATION,
Cinclodes palliatus,-11.577678,-76.26637,2000-07-22,2000,HUMAN_OBSERVATION,
Cinclodes palliatus,-11.42163,-76.34846,2000-08-17,2000,HUMAN_OBSERVATION,
Cinclodes palliatus,-11.42163,-76.34846,2000-08-27,2000,HUMAN_OBSERVATION,
Cinclodes palliatus,-11.577678,-76.26637,2000-08-19,2000,HUMAN_OBSERVATION,
Cinclodes palliatus,-11.42163,-76.34846,2000-08-17,2000,HUMAN_OBSERVATION,
Cinclodes palliatus,-11.560762,-76.27602,2000-09-24,2000,HUMAN_OBSERVATION,
Cinclodes palliatus,-11.603326,-76.20338,2000-12-23,2000,HUMAN_OBSERVATION,
Cinclodes palliatus,-11.586147,-76.25684,1999-07-19,1999,HUMAN_OBSERVATION,
Cinclodes palliatus,-11.577478,-76.35644,1999-07-19,1999,HUMAN_OBSERVATION,
Cinclodes palliatus,-11.413796,-76.33913,1998-09-07,1998,HUMAN_OBSERVATION,
Cinclodes palliatus,-11.413796,-76.33913,1998-09-07,1998,HUMAN_OBSERVATION,
Cinclodes palliatus,-11.42163,-76.34846,1998-09-07,1998,HUMAN_OBSERVATION,
Cinclodes palliatus,-11.42163,-76.34846,1998-09-07,1998,HUMAN_OBSERVATION,
Cinclodes palliatus,-11.403196,-76.34703,1998-10-14,1998,HUMAN_OBSERVATION,
Cinclodes palliatus,-11.403196,-76.34703,1998-10-14,1998,HUMAN_OBSERVATION,
Cinclodes palliatus,-11.579082,-76.35824,1997-09-23,1997,HUMAN_OBSERVATION,
Cinclodes palliatus,-8.948708,-77.562485,1996-01-24,1996,HUMAN_OBSERVATION,
Cinclodes palliatus,-11.42163,-76.34846,1995-10-25,1995,HUMAN_OBSERVATION,
Cinclodes palliatus,-11.563453,-76.343994,1985-07-18,1985,HUMAN_OBSERVATION,
Cinclodes palliatus,-11.550486,-76.267453,1983-07-28,1983,PRESERVED_SPECIMEN,
Cinclodes palliatus,-11.550486,-76.267453,1983-07-22,1983,PRESERVED_SPECIMEN,
Cinclodes palliatus,-11.550486,-76.267453,1983-07-22,1983,PRESERVED_SPECIMEN,
Cinclodes palliatus,-11.550486,-76.267453,1983-07-28,1983,PRESERVED_SPECIMEN,
Cinclodes palliatus,-11.560762,-76.27602,1983-07-28,1983,HUMAN_OBSERVATION,
Cinclodes palliatus,-11.560762,-76.27602,1983-07-28,1983,HUMAN_OBSERVATION,
Cinclodes palliatus,-11.097778,-76.323889,1983-08-22,1983,PRESERVED_SPECIMEN,
Cinclodes palliatus,-11.550486,-76.267453,1983-09-22,1983,PRESERVED_SPECIMEN,
Cinclodes palliatus,-11.1001,-76.3667,1983-11-12,1983,HUMAN_OBSERVATION,
Cinclodes palliatus,-11.42163,-76.34846,1982-01-19,1982,HUMAN_OBSERVATION,
Cinclodes palliatus,-11.42163,-76.34846,1982-02-04,1982,HUMAN_OBSERVATION,
